Actor Name,Work
Adam Moṭil,"איך  אתה הולך?, איך אתה הולך (23 בינואר 1959), איך אתה הולך?"
Adrian Stor,אוי! אני מאוהב
Akram Tillawi,Pink Subaru
Aleph Millepied,תור: אהבה ורעם
Amalia Millepied,תור: אהבה ורעם
Amir Blumenfeld,"Jake and Amir, Lonely and Horny, The CollegeHumor Show, חג מולד הרולד וקומר שמח"
Andrea Bensussen,"Movie Lovers, Street Walker, The Virtual, היו זמנים בהוליווד"
Andrey Vasilyev,"Generation P, Nevalyashka"
Bianca Kreisler,"A nakhṭ in Riyo, A ḥos̀n miṭ nadn!, Der ḳibitser (July 27, 1967), Geshosn un getrofn"
David Strajmayster,"La Maison du Bonheur, Le missionnaire, Second Chance"
Elena Grigore,אוי! אני מאוהב
Erika Pfeiffer,אוי! אני מאוהב
Felix Caroly,אוי! אני מאוהב
Fyodor Dunayevsky,Dear Yelena Sergeevna
Gad Klein,Virgin Machine
Gilles Bénichou,A Gang Story
Grigory Lyampe,"Anna Pavlova, Capablanca, Nameless Star, Primary Russia, The Ballad of the Valiant Knight Ivanhoe, The Hound of the Baskervilles (1971 film)"
Hanan Hillo,"The Reports on Sarah and Saleem, פאודה"
Igor Mirkurbanov,"Generation P, Q130553811, Q4300704, Q48947437, Split, The Queen of Spades, האיום, הקרב"
Jonathan Avigdori,אמילי הפושעת
Jonathan Kashanian,2061: An Exceptional Year
Lee Amir-Cohen,The Other Place
Mosheh Shṭurm,"Yoysef Bulof in 3 eynaḳṭer fun Anṭon Ṭshekhoṿ, הדוד אמריקה, יונה עושה חיים"
Niusia Gold,Der dibeḳ
Sergei Priselkov,"Professiya - sledovatel, Q4198222, Ransom, Spinning Boris"
Shaden Kanboura,טעם התפוחים אדום
Shahnaz Tehrani,"Q14756782, Q14756844"
Shaiḳeh Ṿidal,יונה עושה חיים
Shane Gillis,"Bupkis, Shane Gillis: Beautiful Dogs, Tires"
Shifrah Gold,A ṭog in ir lebn
Tatyana Fedorovskaya,How I Met Your Mother
Thurayyā Fakhrī,"A Window on Paradise, Appearances, Dawn, Q102292899, Q104455484, Q108375628, Q108396448, Q108678368, Q109355618, Q113501609, Q113536122, Q12190304, Q12227760, Q27907994, Q28542200, Q28868125, Q30314575, Runaway from Marriage, Share'e Al-Bahlawan, The Pasha's Wife, The Unknown Woman"
Yanislav Levinzon,"Okhota na sutenyora, Q4160178, Q4415654"
Yaʾel Tavlin,"A ṭog in ir lebn, האחים אשכנזי"
Yisrael Campbell,Circumcise Me
Yitzhak Feigenblum,"שא, שא השלום בא!"
Yosef Gur,A ṭog in ir lebn
Zachary Laoutides,"Adios Vaya Con Dios, Arise from Darkness, Black Ruby"
Zeʾev Goldiger,מירלה אפרת
Zeʾev Rieber,"Der ḳibitser (April 27, 1967)"
אבי אוריה,"איזה מקום נפלא, תחיה ותהיה"
אבי גרייניק,"העולם מצחיק, זולגות הדמעות מעצמן, זרים מושלמים, חתה יסבח סבח, מעשייה אורבנית, עיניים פקוחות"
אבי דנגור,"לבד בבית, מטומטמת, על הספקטרום"
אבי חדש,"Seven in Heaven, להיטים מצוירים משלנו, תחיה ותהיה"
אבי מוגרבי,54 השנים הראשונות
אבי פניני,"אדומות, אין שמות על הדלתות, לחיי האהבה"
אבי קורניק,"השמיניה, חצויה"
אבי קושניר,"אלכס חולה אהבה, בנות, האינסטלטור, החיים זה לא הכל, מטאליק בלוז"
אביב אלוש,"הבקתה, ישמח חתני, להיות איתה, עספור, רימון הזהב, שלטון הצללים, שעת נעילה"
אביב פנקס,"נעלמים, פלמ""ח"
אביבה אפל,הרוצחים הקטנים
אביבה גר,"אשה זרה, האסיסטנט של אלוהים"
אביבה מרקס,"בלומפילד, גן עדן (סרט, 1982)"
אביבה נגוסה,קופה ראשית
אביגיל אריאלי,"גיבורים קטנים, המוסד, חולה אהבה בשיכון ג', תל אביב לוס אנג'לס"
אביגיל הררי,"אחד בלב, ביום שהאדמה רעדה, האי, למראית עין, מנפאואר, מתים לרגע"
אביגיל קובארי,פרה אדומה (סרט)
אביטל אברג'יל,חובו של אהרון כהן
אביטל דיקר,"החטא ועונשו (סרט רוסי, 2002), החיים על פי אגפא, הקיץ של אביה, מרקו פולו, שירת הסירנה"
אביטל פסטרנק,"אליס, מלח הארץ, סוף שבוע בתל אביב"
אבינעם מור-חיים,איגור ומסע העגורים
אבישי שטרית,עלילות ארץ גושן
אביתר לזר,"זוהר הרקיע, נקמה יהודית 6"
אבנר חזקיהו,"אבו אל בנאת, אגדת שלושה וארבעה, אני אוהב אותך רוזה, בלפר (סרט, 1978), הבית ברחוב שלוש, על חבל דק, שבע פעמים ביום, שניים עשר המושבעים"
אבנר כץ,רחוב סומסום
אברהם אבוטבול,האושפיזין
אברהם בן-יוסף,"אחרי הנפילה, בגלל חגורה, דון ז'ואן, מורדי האור"
אברהם הפנר,"חור בלבנה, שבע פעמים ביום"
אברהם חלפי,דון ז'ואן
אברהם מוטיל,יש ליהודי ארצונת!...
אברהם מור,הדה גבלר
אברהם ניניו,המלט
אברהם סלקטר,"בני מצווה, גט - המשפט של ויויאן אמסלם, העולם מצחיק, חולה אהבה בשיכון ג', תחיה ותהיה"
אברהם קירשנבוים,"A ḥos̀n miṭ nadn!, Der ḳibitser (July 27, 1967), Gidʻon, אלהים, אדם ושטן, גצל הגזלן"
אברהם קרני,"איך  אתה הולך?, איך אתה הולך?, מכירים אותך, דוד!..."
אברהם רונאי,"השקרן, קומדיה של טעויות"
אברהם שלום לוי,אלף
אבשלום פולק,הברך
אגם רודברג,"אהבה מעבר לפינה, חזרות, מתים לרגע, פצועים בראש"
אדי קבטנר,"הגולם (סרט, 2019), מתים לרגע"
אדיב ג'השאן,צמות
אדיר מילר,"גן קופים, הסודות, פלאות, פעם הייתי, צומת מילר, רמזור"
אדית אסטרוק,דודה ליזה
אדם גבאי,"כיסופים, תמונת הניצחון"
אדם הירש,"בקרוב יקרה לך משהו טוב, פיתוי, ראש גדול"
אדם קארסט,ביום שהאדמה רעדה
אדם קנת,אילי ובן
אהובה קרן,"ביקור התזמורת, לא בלי בתי, מפריח היונים, שורו"
אהרון אלמוג,"אירמה לה דוס, דון ז'ואן, ילדי סטלין"
אהרון וודובוז,"איש הניסים, האמן ומרגריטה, להרוג את איב, מקמאפיה, קינגס מן: ההתחלה"
אהרן איפלה,"A Ghost in Monte Carlo, Eye of the Widow, Madron, The Bible, The Concorde ... Airport '79, The Shooting Party, Vibes, אישתר, בנו של הפנתר הורוד, המומיה, המומיה חוזרת, הפשיטה על אנטבה, זאנאדו, כנר על הגג, מלחמתו של צ'ארלי וילסון, משה"
אהרן מסקין,"המלט, מקבת, סבינה והגברים, רוחות, שירת הברבור"
אודי גוטשלק,"101 כלבים דלמטים, בית ספר לשטויות, גור ואוח"
אודי כגן,ארץ נהדרת
אודי כהן,אל תדחוף את האף
אודי פרסי,15 שנה
אודיה קורן,"The End of Love, טלנובלה בע""מ"
אודיה רש,"Cha Cha Real Smooth, Dangerous Waters, אומה, אנחנו מה שאנחנו, בעלת החלומות, החיים המוזרים של טימותי גרין, המעניק, טרף קל, כשהשלג יורד, ליידי בירד, מקום לאהבה, צמרמורת"
אודליה הלוי,Good Girls Revolt
אוהד קנולר,"Redacted, אנחנו לא לבד, בופור, בית בגליל, האיש שרצה לדעת הכל (סדרת טלוויזיה), הבועה, המנצח, הסיפור של יוסי, יוסי וג'אגר, מבצע פינאלה, מינכן, מעשייה אורבנית, סרוגים, שנת אפס, שעת נעילה"
אוהד שחר,ראש גדול
אוולין הגואל,"איזה מקום נפלא, בתי אהובתי, גט - המשפט של ויויאן אמסלם, הסוסיתא של הרצל, ילדות רעות, ישמח חתני, סוף העולם שמאלה, סיפור גדול, פיק אפ, שבעה"
אוולין קפלון,"Q113362730, איזה מקום נפלא, אין לה אלוהים, הדקדוק הפנימי, החברים של יאנה, הכלה הסורית, חיותה וברל, מכתבים לאמריקה, מפטיר, עפולה אקספרס"
אולגה דיניקובה,"Ispansi!, Marija"
אולגה קורקולינה,קיק אס 2
אולה שור-סלקטר,"איגור ומסע העגורים, אנטיגונה, הסיפור של יוסי, העולם מצחיק, להעיר את הדב"
אולי שטרנברג,נעלמים
און רפאלי,ג'סטה
אופירה גלוסקא,"בעסער מ'רדט נישט, שתיקה של זהב"
אופירה רחמים,"הדילרים, מרס תורכי, סיפור גדול"
אופליה שטראל,"אסקימו לימון, יש ליהודי ארצונת!..."
אופק פסח,מיוחדת
אור,"העולם מצחיק, רוק בקסבה"
אור אדרי,"עלילות ארץ גושן, תאג""ד"
אוראל צברי,זיגי
אורה מאירסון,מדיאה
אורטל בן-שושן,"ביום שהאדמה רעדה, השוטר הטוב"
אורי אברהמי,"אלנבי רומאנס, השחף, מיראל"
אורי אומנותי,"בעל בעל לב, טלנובלה בע""מ"
אורי אילון,"A nakhṭ in Riyo, A ṭog in ir lebn, Der heyliḳer flam, אירמה לה דוס, מירלה אפרת"
אורי בנאי,"Djihad, ילדות רעות, שחור"
אורי גבריאל,"American Cyborg Steel Warrior, Byzantium, Hanna K., Second Tour, Tobe Hooper's Night Terrors, אבנים, איזה מקום נפלא, אלי, אנה ערביה, ביום שהאדמה רעדה, ביקור התזמורת, בלדה לאביב הבוכה, דלתא פורס 1 (ש.ל.ר), הבית של סדאם, הבריחה מערב הסעודית, הכלה הסורית, הממלכה, המתקפה (ש.ל.ר), הסוסיתא של הרצל, חולה אהבה בשיכון ג', חתה יסבח סבח, כיכר החלומות, מיראל, מפריח היונים, מקס ומוריס, מריה מגדלנה, סיפורי תל אביב, עלייתו של האביר האפל, עם סגולה, פאודה, שבוע ויום"
אורי גוב,קרתגו
אורי גוטליב,"אחד העם 1, אחד העם 101, לב שקט מאוד, פתיחה 1812"
אורי הוכמן,"הבן דוד, טרופיקנה (סרט), עקרון ההחלפה, פיתוי, תמרות עשן"
אורי זוהר,"המעורר – סרט מכתבים בין סב לנכדו, חור בלבנה, חתונה בירושלים, לול, מציצים, סבינה והגברים"
אורי חזקיה,פלאות
אורי יניב,"אני לא מאמין, אני רובוט?!, המנצח, העדות, עיר מקלט, שבלולים בגשם"
אורי כבירי,"אלכס חולה אהבה, שירת הסירנה"
אורי לוי,"Moon Zero Two, הדה גבלר, מורדי האור"
אורי לחמי,בנו של האחר
אורי לייזרוביץ',"האיש שרצה לדעת הכל (סדרת טלוויזיה), הלהקה האחרונה בלבנון, שבאבניקים"
אורי סגל,"Geshosn un getrofn, אלהים, אדם ושטן, גצל הגזלן"
אורי עטיה,למה מי מת
אורי פפר,"211, The Protégé, ג'ולט, העדות, מעל הגבעה, פמת""א"
אורי קלאוזנר,"אזור חופשי, אין לה אלוהים, בלדה לאביב הבוכה, בקרוב יקרה לך משהו טוב, גמר גביע, ההסדר, החיים על פי אגפא, התנתקות, כיכר החלומות, כיפור, לרקוד, מיראל, סוף שבוע בתל אביב, עלילה, קדוש, שמיכה חשמלית ושמה משה, שנת אפס"
אורלי בן-גרטי,שחור
אורלי ויינרמן,הכתובה
אורלי זילברשץ,"אחד בלב, איים אבודים, הדקדוק הפנימי, כנפיים שבורות, מרקו פולו, קלרה הקדושה, שירת הסירנה"
אורלי פרל,עפולה אקספרס
אורן זגמן,"ילדות רעות, עם סגולה"
אורן יאדגר,הקרמבויז
אורן פפיסמדוב,"תאג""ד"
אורן שבו,צומת וולקן
אורנה בנאי,"ארץ נהדרת, בקרוב אצלי, זוהי סדום, ישמח חתני, מטומטמת, רק בישראל"
אורנה דץ,101 כלבים דלמטים
אורנה פורת,"König Heinrich IV. Tragödie in 19 Bildern. Beide Teile für einen Abend, Q47418310, Q47431279, Q47439167, אבן על כל מיל, אהבה גנובה, אחרי הנפילה, בגלל חגורה, קורצ'ק והילדים"
אורנה פיטוסי,"Djihad, אחים, פיתוי"
אורנה רוטברג,"העדות, מעשייה אורבנית"
אורנה שיפריס,ילדות רעות
אושיק לוי,"גבעת חלפון אינה עונה, ד""ר פומרנץ, קופה ראשית, שחר"
אושרי כהן,"איים אבודים, בופור, בקרוב אצלי, הכוכבים של שלומי, חאנשי, לבנון, מקמאפיה, פמת""א"
אושרי סהר,"אנטרקטיקה, סיפור גדול"
אושרית סרוסי,"זאת וזאתי, חנאל ומכבית, טלוויזיה מהעתיד, מי זאת? (תוכנית טלוויזיה)"
איה קורן,"הכוכבים של שלומי, חתונה מאוחרת, יוסי וג'אגר"
איוואן אורגנט,"Ciao, 2020!, He, She and Me, Nevalyashka, Prozhektorperiskhilton, Q108001114, Q108508563, Q28478198, Q4091864, Their Italy, Troe i Snezhinka, אורגנט בערב, ויסוצקי. תודה שאני חי, מוסקבה פינת הוליווד, עצי אשוח, עצי אשוח 1914, עצי אשוח 2, עצי אשוח 3, עצי אשוח 5, עצי אשוח 8, עצי אשוח אחרונים, עצי אשוח חדשים, שגעונות"
איוואן אטאל,"Ad Vitam, Alissa, Amoureuse, An Innocent Little Game, And Now... Ladies and Gentlemen, Anthony Zimmer, At Dawning, Bastion 36, Bon Voyage, Breaking Point, Cantique de la racaille, Cauchemar Blanc, Dans la tourmente, Delphine 1, Yvan 0, Do Not Disturb, Happily Ever After, Heaven Will Wait, His Wife, Ils sont partout, In Me, In the Eyes of the World, It's Easier for a Camel..., Leaving, Libre, Love Without Pity, Love, etc., Mes amis, My Wife Is an Actress, One Night, Portraits Chinois, Q130284970, Q3225995, Q3301897, R.I.F., Raid dingue, Rapt, Regrets, Rock'n Roll, Sweetheart, The Ball of the Actresses, The Candidate, The Car Keys, The Criminal, The Last Diamond, The Patriots, The Serpent, The Sitting Duck, הכלב הטיפש שלי, מזימות זרות, מינכן, שעת שיא 3, תקועים בפריז"
אייל גפן,סיפורי תל אביב
אייל נחמיאס,"בנא, החיים בינתיים"
אייל פודל,"CSI, CSI: ניו יורק, Con Express, Day 7: 4:00 pm - 5:00 pm, Day 7: 5:00 pm - 6:00 pm, Day 7: 6:00 pm - 7:00 pm, Day 7: 8:00 pm - 9:00 pm, Debate Camp, Lake Effects, Mystery Woman: At First Sight, Unconditional Love, Valediction, אלי מקביל, ג'אג, האוס, המקור, ים כחול עמוק, מאחורי קווי האויב, מרפאה פרטית, משחקות את המשחק"
אייל רוזלס,"אין לה אלוהים, אלנבי רומאנס, בקרוב יקרה לך משהו טוב, ללכת על המים, לצוד פילים, מלח הארץ, נמס בגשם"
אייל שיקרצי,בעלת החלומות
אייל שכטר,"לנגד עיניים מערביות, סרק סרק, פעם הייתי, שנת אפס"
איילת זורר,"Darling Companion, Fugitive Pieces, Halo 4: Forward Unto Dawn, Ingenious, Milada, The Last Knights, Touch, אדם בן כלב, איש החשמל, איש הפלדה, בטיפול, בן חור, בעבור סשה, גומרות הולכות, דרדוויל, דרדוויל: נולד מחדש, האסונות של נינה, הימים האחרונים במדבר, זינזאנה, חדר מלחמה, כיכר החלומות, לאבד את אליס, מינכן, מלאכים ושדים, רק כלבים רצים חופשי, שטיסל, שמונה צדדים לאמת"
איילת מרגלית,"הבועה, החצר"
איילת רובינסון,"ביום שהאדמה רעדה, עץ לימון"
איל קיציס,"ארץ נהדרת, זוהי סדום"
אילי גורליצקי,סיירים
אילן גנני,האושפיזין
אילן דר,"אדם, בן לוקח בת, דרייבר, הבלש האמיץ שוורץ, המוסד הסגור, כאן גרים בכיף, מיתה טובה, קרובים קרובים, תהילים"
אילן פלד,"אחד העם 1, אחד העם 101, בילי, גור ואוח"
אילן קובץ',יונייטד היי
אילן רוזנפלד,הפיג'מות
אילנה אביטל,"לגעת באושר, ריקוד מסוכן"
אילנה גיל,הדוד אמריקה
אילנה עדן,"ליזיסטרטה, סיפורה של רות"
אילנה תורן,Der dibeḳ
אילנית בן-יעקב,"אליס, ויקי ואני, מדוזות, עקרון ההחלפה, תהילים"
אילנית גרשון,בילי
אילנית לוי,זיגי
אימרי ביטון,"בעלת החלומות, האיש שרצה לדעת הכל (סדרת טלוויזיה), סבוי, שעת נעילה"
אינה גובינסקה,אגדת הנהר
איצ'ו אביטל,"וביום השלישי, לילסדה"
איציק כהן,"מכתוב, סיפור גדול, עכביש ברשת, פאודה, פמת""א, ראש גדול"
איקה זהר,"Candy Can Do It, לא שם זין"
אירינה סלזניובה,"Ah, those stars!, Moscow Vacation, Q4197687, פעמיים בוסקילה"
איריס בר,"Endgame, Larry the Cable Guy: Health Inspector, The Last Exorcism"
איריס יוטבת,הוא הלך בשדות
איריס מרטינז,לחיי האהבה
אירית אלטר,בנות
אירית סוקי,קרוב לבית
אישתאר,בלדה לאביב הבוכה
איתי זבולון,ויקי ואני
איתי טיראן,"Demon, Die Lebenden, בופור, בית אבי (2008), היורד למעלה, לבנון, מחילות, עכביש ברשת, רוץ ילד, רוץ"
איתי שגב,"עולמו המופלא של אוגוסטוס אגדתי, שחר"
איתי תורג'מן,"אבודים לרגע, אביבה אהובתי, בית""ר פרובנס, הדילרים, חזרות, חיותה וברל"
איתמר מלול,קבלו אותי
איתן ענר,Nelson
אלברט אילוז,"Djihad, אביבה אהובתי, בתי אהובתי, גט - המשפט של ויויאן אמסלם, האסיסטנט של אלוהים, הכוכבים של שלומי, חולה אהבה בשיכון ג', סיפור גדול, סרק סרק, פלאות, רחוב סומסום, רחל מאופקים, שבעה, שורו, שחור"
אלברט כהן,"אהבה גנובה, המנון, ולקחת לך אישה"
אלדד פריבס,"פלמ""ח"
אלה ארמוני,"מכתבים לאמריקה, שלוש אמהות"
אלון אבוטבול,"Beirut, Boyka: Undisputed, MK Ultra, NCIS: לוס אנג'לס, Septembers of Shiraz, Twin Peaks (season 3), אחד משלנו, בופור, בר 51, בתולות, גוף השקרים, הדילרים, המטרה: לונדון, הקרב על הוועד, הרמון, טווין פיקס, לילסדה, לנסקי, לרקוד, מינכן, מלנומה אהובתי, מקום בגן עדן, מרס תורכי, מרקו פולו, נודל, סודות המסדר, עור, עלייתו של האביר האפל, עם חוקים, קאסל, רמבו 3, רק כלבים רצים חופשי, שבעה, שרמן בחורף"
אלון אולארצ'יק,עלטה
אלון אופיר,להיטים מצוירים משלנו
אלון דהן,"אזימוט, אנה, אנטיגונה, הכלה הסורית, סיפור גדול, פלאות"
אלון חמאווי,"פמת""א"
אלון נוימן,"אחד משלנו, העולם מצחיק, מלח הארץ"
אלון פרידמן,הבועה
אלונה איב,"אסיה, ברקיע החמישי"
אלונה טל,"8 Years, Broken City, CSI, College, Crimson Casanova, Cross, Half Past Dead 2, Hand of God, Taking Five, Undocumented, אלי, המנטליסט, ורוניקה מארס, על טבעי, פים פם פה - בארמון הקסמים, פשע מן העבר, שקרניות קטנות"
אלונה סער,"המפקדת, שמים אדומים"
אלונה קמחי,"Tobe Hooper's Night Terrors, חימו מלך ירושלים"
אלחנן אבן חן,זוהר הרקיע
אלי אילדיס,עם סגולה
אלי אלטוניו,"אבנים, אחת אפס אפס, בובות (טלנובלה), בית""ר פרובנס, האיש שרצה לדעת הכל (סדרת טלוויזיה), מחילות"
אלי בן דוד,עם סגולה
אלי גורנשטיין,"גט - המשפט של ויויאן אמסלם, המתקפה (ש.ל.ר), מכתבים לאמריקה, מעשייה אורבנית"
אלי דנקר,"My Mom's New Boyfriend, NSF Thurmont, The Birnam Wood, Wanted: Dead or Alive, אלוף ללא עוררין 2, המתופפת הקטנה, השחף, ישו, לגעת באושר"
אלי יצפאן,"המופע של בני זינגר, נישואין פיקטיביים, פעם הייתי, שקופים (סדרת טלוויזיה)"
אלי כהן,"הפטנט, הקיץ של אביה, חמישה ימים בסיני, ישו, לא ביום ולא בלילה, סיירים"
אלי פיניש,"ארץ נהדרת, העולם מצחיק, השוטרים, זוהי סדום"
אליאנה תדהר,"בעלת החלומות, גאליס, גאליס - קונקט, תמונת הניצחון"
אליה סולימאן,"7 Days in Havana, Bamako, To Each His Own Cinema, הזמן שנותר: כרוניקה של נוכח נפקד, התערבות אלוהית, כרוניקה של היעלמות"
אליהו גולדנברג,"Di ḳleyne menṭshelakh, Di ḳ̣leyne menṭshlekh, Yerushalayim, ס'האט זיך אויסגעלאזט א בוידעם, עיר הכתריאלים"
אלין גולן,יונייטד היי
אליעזר יונג,הפיזיקאים
אליענה בקייר,"הבועה, ילדות רעות, ריקוד מסוכן, רק כלבים רצים חופשי"
אליענה מגון,כנפיים שבורות
אליענה שכטר,תמרות עשן
אלירן כספי,בקרוב יקרה לך משהו טוב
אלישבע וייל,All Eyes Off Me
אלישבע מיכאלי,"אבן על כל מיל, הפיזיקאים, סיפורי בית קפה, תעלת בלאומילך"
אלישע בנאי,"אחד בלב, תאג""ד, תמונת הניצחון"
אלכס אנסקי,"המועדון לספרות יפה של הגברת ינקלובה, הפטנט, חצויה, מאיה"
אלכס פלג,"אנטיגונה, דרייבר, האחים קרמזוב, לצוד פילים, מי מפחד מווירג'יניה וולף, מכתב לחזיר, מעשייה אורבנית, מצדה, על חבל דק"
אלכסנדר סנדרוביץ',"איגור ומסע העגורים, לנין באוקטובר"
אלמה דישי,"איש חשוב מאוד, החיים בינתיים, קריוקי"
אלעד לוי,תמונת הניצחון
אמונה צבי לשם,"אשת כהן, דיסטורשן, שחור, שירת הסירנה"
אמיר אוריין,תמרות עשן
אמיר בנאי,יונייטד היי
אמיר וולף,"סרוגייט, שבלולים בגשם"
אמיר טסלר,"המזח, הרפתקה בשחקים"
אמיר שורוש,"קופה ראשית, קרב אוויר (סרט)"
אמיתי ארמן,זיגי
אמיתי יעיש בן אוזיליו,מנגן ושר
אמנון וולף,"NO אקזיט, הבוגד הקטן, ההסדר, החברים של יאנה, עץ לימון"
אמנון מסקין,"מסע לנינוה, קומדיה של טעויות"
אמנון פישר,"החיים על פי אגפא, המונה דופק, שמיכה חשמלית ושמה משה"
אנאבלה יעקב,"Der dibeḳ, Folks-yom-Tev fun freyd un gezang!, אהבה קולומביאנית, לא מלקקים דבש!, לחיות ולצחוק, מיתה טובה, שא, שא השלום בא!"
אנה דוברוביצקי,אחד בלב
אנה זק,"זיגי, ים המוות (סדרת טלוויזיה)"
אנה ליסיאנסקאיה,"Days and Nights, Den schastya, Get Thee Out, Girl No. 217, Lenin in Poland, Stories About Lenin, The Lucky Bride, The Village Teacher, Twelfth Night, Volshebnaya sila iskusstva, Zhenikhi i nozhy, Zvanyy uzhin"
אנה סטפן,קרוב לבית
אנחל בונני,"What Lucía Saw, בעלת החלומות, זיגי, רוק בקסבה"
אנטון אוסטרובסקי,הבודדים
אניה בוקשטיין,"Genius, season 1, PPS, The Door, ארץ חדשה, ביום שהאדמה רעדה, גאון, הבורר, המועדון לספרות יפה של הגברת ינקלובה, המנצח, הפילגש, השיר שלנו, לב שקט מאוד, מסכים, עממיות, שושלת שוורץ"
אנלי הרפז,"לגעת באושר, צומת וולקן"
אנסטסיה פיין,כביש הסרגל (סרט)
אסי דיין,"Brev til Jonas, Operation Thunderbolt, אין שמות על הדלתות, בטיפול, בקרוב יקרה לך משהו טוב, ד""ר פומרנץ, הבטחה עם שחר, הבשורה על פי אלוהים, הדברים שמאחורי השמש, ההסדר, הוא הלך בשדות, המכירה הכללית, זכרון דברים, חופשת קיץ, חיי אהבה, חמישה ימים בסיני, כרמל, למראית עין, מאחורי הסורגים, מבצע יונתן, מדוזות, מחץ הדלתא, מר באום, נאהבים לנצח, עד סוף הלילה, קשר האורניום, רגעים"
אסי ישראלוף,"הישראלים, לשחרר את שולי, עם סגולה"
אסי כהן,"אהבה קולומביאנית, אוטונומיות, ארץ נהדרת, הכוכבים של שלומי, הלב הרעב, הפרלמנט, זוהי סדום, חטופים, יוסי וג'אגר, מסודרים, עם סגולה, שאולי ומלחמת האזרחים"
אסי לוי,"אביבה אהובתי, אבנים, אנה ערביה, בטיפול, בלקספייס, געגוע, העולם מצחיק, הרמון, חמדה (סרט), חתונה מנייר, עור, קשר עיר"
אסיה נייפלד,"אליס, בוקר טוב ילד, חדר 514"
אסנת פישמן,"ביום שהאדמה רעדה, הבן דוד, השחף, תמרות עשן"
אסף אשתר,"מאחורי הסורגים 2, שנת אפס"
אסף בן לולו,זגורי אימפריה
אסף הרץ,שכויה
אסף זגה,אזהרת מסע
אסף קורמן,הפורצת
אסתי גינזבורג,"12, סרט 43"
אסתי זקהיים,"ברקיע החמישי, הכוכבים של שלומי, לילסדה, מבול, עפולה אקספרס, קבלו אותי"
אסתי ירושלמי,"אנשים כתומים, מעשייה אורבנית, שחור"
אסתי קוסוביצקי,לחיי האהבה
אסתר גמליאלית,השקרן
אסתר גרינברג,בגלל חגורה
אסתר רדא,קירות
אפרים קישון,Q48969712
אפרת אביב,"הרמון, חיותה וברל, סוף העולם שמאלה"
אפרת בן יעקב,האי
אפרת בן צור,"Made in Israel, המנצח, וביום השלישי, חיותה וברל, תמרות עשן"
אפרת גוש,פלאות
אפרת דור,"A Girl Named Sue, All's Wells That Ends Wells, Death of the Speed Force, Grodd Friended Me, Holy Lands, Liberation, Pay the Piper, So Long and Goodnight, Success Is Assured, The Exorcism of Nash Wells, The Speed of Thought, אחת אפס אפס, אשתו של שומר גן החיות, בננות, המוסד, הפלאש, תמרות עשן"
אפרת כהן,מיכאלה
אפרת לביא,"מחבואים, קמטי צחוק"
אפרת רייטן,"The Sixteenth Lamb, כובע קסמים, עולמו המופלא של אוגוסטוס אגדתי"
אקי אבני,"24, Day 2: 4:00 pm - 5:00 pm, Day 2: 5:00 pm - 6:00 pm, Djihad, My Mom's New Boyfriend, Universal Soldier: Regeneration, אזור חופשי, ברקיע החמישי, ג'אג, ההסדר, השיבה מהודו, יש לה את זה, מלח הארץ, משימה חשאית בדמשק, שישו ושמחו (סדרת טלוויזיה)"
ארז בן הרוש,"אחד העם 1, אחד העם 101, עולמו המופלא של אוגוסטוס אגדתי, שחור"
ארז דריגס,"חזרות, עיר מקלט, תמרות עשן"
ארז טל,רק בישראל
ארז כהנא,החברים של נאור
ארז עובד,כיסופים
ארז שפריר,סבנה
ארי קוטאי,"אותלו, אמא קוראז' וילדיה, כל אדם והאמת שלו"
אריאל וולף,Concerned Citizen
אריאלה רובינוביץ,"בלוז לחופש הגדול, בנות"
אריה אליאס,"אבן על כל מיל, הכוכבים של שלומי, המונה דופק"
אריה מוסקונה,"בידיים טובות, גבעת חלפון אינה עונה, חיי אהבה, לילסדה, מעבר לים, סיפורי בית קפה, עפולה אקספרס"
אריה צ'רנר,"בנא, הבודדים, לבנון, מבצע חמניה, סרק סרק, פצועים בראש, קריוקי"
אריק איינשטיין,"אירמה לה דוס, חתונה בירושלים, לול, סאלח שבתי"
אריק ברמן,"Q122938807, קורדרוי (סדרת טלוויזיה)"
אריק לביא,"גבעה 24 אינה עונה, דון ז'ואן, חור בלבנה"
אריק משעלי,מפטיר
ארנון צדוק,"Programmed to Kill, אות קין, בלדה לאביב הבוכה, הדרך לעין חרוד, החולמים, הכתובה, חסר מנוחה, מאחורי הסורגים 2, נמס בגשם, צדק מוחלט, רגליים קרות"
אשר צרפתי,"אילי ובן, הטרמפיסט"
אשרף ברהום,"300: עליית האימפריה, אגורא, אהבה קולומביאנית, גן עדן עכשיו, הירושה, הכלה הסורית, הממלכה, הרודן, התנגשות הטיטאנים, לבנון, להישאר בחיים, פארחה, קוריולאנוס"
אשרת קוטלר,היום שבו ניצלו יהודי בולגריה
אתגר קרת,מדוזות
אתי אנקרי,עד לאזור לחימה
אתי גרוטס,הבית ברחוב שלוש
אתל קובינסקה,פסטיבל שלום עליכם
בומבה צור,"אבן על כל מיל, הבלש האמיץ שוורץ, תעלת בלאומילך"
בועז דוידזון,"Electric Boogaloo: The Wild, Untold Story of Cannon Films"
בוריס סבידנסקי,זמן אוויר
בלנש אדלשטיין,אוי! אני מאוהב
בן יוסיפוביץ',על הספקטרום
בן פרי,דן ומוזלי
בני אבני,"החברים של נאור, שלוש אמהות"
בני הין,This is Your Day
בר בלפר,מישהו לרוץ איתו
בר ברימר,"בעלת החלומות, חאנשי"
בר מיניאלי,מיוחדת
בר פאלי,"A Glimpse Inside the Mind of Charles Swan III, Headlock, Hyenas, Urge, איך פגשתי את אמא, יד בשווי מיליון דולר, נון-סטופ, רווח וכאב"
בר רפאלי,"כידון, סשן, פיק אפ"
ברוך ברנר,"אחים, מבצע חמניה"
ברונקה זלצמן,"איך  אתה הולך?, איך אתה הולך (23 בינואר 1959), איך אתה הולך?, מכירים אותך, דוד!..."
ברוריה אלבק,מדוזות
ברטה קפלן,"Der dibeḳ, אוי! אני מאוהב, קצת פרנסה ובריאות"
בריאן ג'ורג',"Blind Date, Bloodfist V: Human Target, Employee of the Month, Molly, Murder at the Cannes Film Festival, Po, Speed Zone!, Touch of Pink, איך להיפטר מהבוס, הכי רעשנים, המרחב, העולם שבפנים, לשמור אמונים, נער הבועה, רובין הוד: גברים בגטקעס"
ברכה נאמן,סבינה והגברים
בת חן סבג,מטומטמת
בת-אל פאפורה,"מטומטמת, פעם הייתי"
בתיה לנצט,בגלל חגורה
ג'וי ריגר,"The End of Love, אבירם כץ, אין בתולות בקריות, בית בגליל, מי זאת? (תוכנית טלוויזיה), שעת נעילה, תמונת הניצחון"
ג'וליאן שגרן,"Alfred the Great, The Great McGonagall"
ג'וליאנו מר,"The Last Warrior, Tobe Hooper's Night Terrors, Wedding in Galilee, Would You Have Sex with an Arab?, אסתר, בר 51, ברלין ירושלים, המתופפת הקטנה, זהר, יום יום, כיפור, מיראל, מלח הימה (ש.ל.ר), סיפורי תל אביב, קדמה"
ג'וני ערביד,"גמר גביע, הבריחה מערב הסעודית, המתופפת הקטנה, להישאר בחיים, סוף שבוע בתל אביב, קרוב לבית"
ג'ורג' איברהים,"Ticket to Jerusalem, התערבות אלוהית"
ג'ורג' אסקנדר,"Gaza mon amour, בית לחם, סבנה"
ג'וש שגיא,No Name Restaurant
ג'טה לוקה,"A ṿilde moyd, Mayn mame der general (Performance)"
ג'יזל סילבר,"אהבה קולומביאנית, בית""ר פרובנס, בעל בעל לב, דמיונות, מרס תורכי"
ג'ייד דייכס וויקס,קיבוצניקים
ג'ייד הדס סקורי,"בלקספייס, ברש"
ג'ייסון דנינו-הולט,הנפילים
ג'מיל ח'ורי,"Baaghi 3, God's Stories, גוף השקרים, הירושה, הכלה הסורית, מיראל, מיתה טובה, עלטה, עץ לימון"
ג'ף וילבוש,"Dawn Breaks Behind the Eyes, Keep Breathing, Polizeiruf 110: Crash, Schächten: A Retribution, המורדת"
גאולה נוני,"אירמה לה דוס, פיצוץ בחצות, פעמיים בוסקילה"
גאיה באר גורביץ',אבא מטפלת
גאיה גור אריה,"יומני החופש הגדול, נעלמים"
גאיה טראוב,"גאליס, דני הוליווד"
גאיה שליטא-כץ,מטומטמת
גאלה קוגן,בובות (טלנובלה)
גבי אלדור,בן לוקח בת
גבי עמרני,"אבנים, גט - המשפט של ויויאן אמסלם, דון קישוט בירושלים, זהר, מטומטמת, משפחת צנעני"
גד קינר,חנה ארנדט
גדי יגיל,"בלפר (סרט, 1978), נבסו"
גדליה בסר,"בית בגליל, דון ז'ואן, הינשוף, קשר הדבש"
גדעון זינגר,"Q93707418, Tatort: Der Tod des Tänzers, Tatort: Kinderspiel, אבו אל בנאת, אגדת שלושה וארבעה, דלת הקסמים, האישה בזהב, חמש חמש, סבינה והגברים, רק בלירה, תעלת בלאומילך"
גדעון שמר,"אחרי הנפילה, בלומפילד, דון ז'ואן, הדה גבלר, ללכת על המים, פיצוץ בחצות"
גולן אזולאי,"אזהרת מסע, אחת אפס אפס, הבלתי רשמיים"
גור בנטביץ',"אורחים לרגע, מי מפחד מהזאב הרע"
גורי אלפי-אהרון,"בלי פאניקה!, בלקספייס, הטבח, שליחותו של הממונה על משאבי אנוש, שקופים (סדרת טלוויזיה)"
גורי ויינברג,"The Desert Rose, מינכן"
גיא אריאלי,"ילדות רעות, פמת""א"
גיא הוכמן,אדומות
גיא זוארץ,"PPS, אנטרקטיקה, גאליס"
גיא לואל,"בובות (טלנובלה), השוטר הטוב, טלנובלה בע""מ, יותר איטי מלב, כאן גרים בכיף, למראית עין"
גיא מרוז,פיתוי
גיא עמיר,"זרים מושלמים, כיפור, מכתוב, עספור, פצועים בראש, שאטו עין כרם"
גיא פינס,הבועה
גיא פרידמן,"גינת הפלאים של רינת, דפנה ודודידו"
גידי גוב,"אשה זרה, הלהקה, המסע המופלא של אהרוני וגידי, כיפור, מסע אלונקות, שטוקהולם"
גיל אלון,"The Legend of Bhagat Singh, אויב העם, מר באום, שמיכה חשמלית ושמה משה"
גיל בלנק,לצוד פילים
גיל דסיאנו ביטון,הכוכבים של שלומי
גיל ססובר,עולמו המופלא של אוגוסטוס אגדתי
גיל פרנק,"אפטר, בשבילה גיבורים עפים, המוסד, לא רואים עליך, לחיי האהבה, מאיה, עונת הדובדבנים, שבעה"
גיל קפטן,"גור ואוח, עלילות ארץ גושן"
גילה אלמגור,"The Rose Garden, אהבה גנובה, אחרי הנפילה, אלדורדו, אמי הגנרלית, בטיפול, דני הוליווד, הבית ברחוב שלוש, החיים על פי אגפא, המקלט (סרט, 2007), הפטנט, הקיץ של אביה, ידיים קשורות, לילסדה, מבצע יונתן, מבצע קהיר, מדיאה, מחבואים, מינכן, מלכת הכביש, מצור, סאלח שבתי, על חבל דק, עץ הדומים תפוס (סרט), עשו, פורטונה, שחור, שלוש אמהות, שליחותו של הממונה על משאבי אנוש, שקופים (סדרת טלוויזיה)"
גילה גולדשטיין,ילדים טובים
גילה גולן,"העמק של גואנגי, ספינת השוטים"
גילי איצקוביץ',"בלקספייס, כדברא, קרב אוויר (סרט)"
גילי בן אוזיליו,היפוליטוס
גילי סער,"בובות (טלנובלה), המנגליסטים, מלך של קבצנים"
גילי שושן,"בסמה מוצ'ו, המשגיחים, ילדות רעות, צומת וולקן"
גיליה שטרן,"Candy Can Do It, Seven in Heaven, איזה מקום נפלא, הבוגד הקטן"
גילת אנקורי,"הרמון, חמש חמש, טלנובלה בע""מ, לב שקט מאוד, שמיכה חשמלית ושמה משה"
גיתית פישר רודמן,"זאת וזאתי, לבד בבית"
גל אוחובסקי,הבועה
גל אמיתי,"גאליס, מכתוב, פלמ""ח, קבלו אותי"
גל גדות,"999, Criminal, Cut for Time: The Last Fry (Gal Gadot), E! New Line Up, Espionage, First Date, In the Hand of Dante, Justice League Part Two, Mirage, The Maiden and The Mice, The Naomi Show, Themyscira, באטמן נגד סופרמן: שחר הצדק, בובות (טלנובלה), דייט לילי, הודעה אדומה, השכנים של ג'ונס, וונדר וומן, וונדר וומן 1984, כמו יום ולילה, לב של אבן, ליגת הצדק, ליגת הצדק: גרסת סניידר, מהיר ועצבני, מהיר ועצבני 4, מהיר ועצבני 5, מהיר ועצבני 6, מהיר ועצבני 7, מהיר ועצבני 9, מוות על הנילוס, עספור, קטמנדו, שושנה חלוץ מרכזי, שלגיה"
גל זייד,"NO אקזיט, אדמה משוגעת, המופע של בני זינגר, חטופים, מרס תורכי, תנועה מגונה"
גל לב,"אודם, איש חשוב מאוד, העולם מצחיק, חצויה, לא רואים עליך"
גל מלכה,בעלת החלומות
גל פרידמן (שחקן),המשגיחים
גל תורן,"אנטילופות, הטבח, לאבד את אליס, פרה אדומה (סרט)"
גלי בן גיאת,מטומטמת
גלי עטרי,דיזנגוף 99
גליה אלבין,ריקוד מסוכן
גליה ישי,"המנצח, מטומטמת"
גלית גיאת,"בלדה לאביב הבוכה, רימון הזהב"
גלעד אבנת,הבודדים
גלעד כהנא,האיש שבקיר
גלעד קלטר,ביום שהאדמה רעדה
גניה סנופ,על הספקטרום
גסאן עבאס,"200 Meters, Ticket to Jerusalem, When Pigs Have Wings, ארץ זרה, בקבוק בים של עזה, גמר גביע, יום יום"
גרא סנדלר,"אבנים, איגור ומסע העגורים, חיותה וברל, מדוזות, תמרות עשן"
גרשון פלוטקין,אבן על כל מיל
דאנה איבגי,"אבא מטפלת, אביבה אהובתי, אור, אפס ביחסי אנוש, את לי לילה, בית""ר פרובנס, בננות, גיבורים קטנים, המנגליסטים, הסודות, הפילגש, השחף, התנתקות, זהר, זמן אוויר, כלת הים, כנפיים שבורות, מעילה, סבוי, סינמה סבאיא"
דב גליקמן,"Munich Games, דרייבר, הלהקה, המנצח, מי מפחד מהזאב הרע, מכתבים לאמריקה, מסע אלונקות, שטוקהולם, שטיסל"
דב נבון,"ארץ נהדרת, דרייבר, זוהי סדום, חימו מלך ירושלים, מיראל, עבודה ערבית, פעם הייתי, קופה ראשית, שושלת שוורץ"
דב רייזר,"Anywhere Else, הפיזיקאים"
דבורה קידר,"יוצאים קבוע, רומן זעיר"
דבי בסרגליק,"מר באום, שמיכה חשמלית ושמה משה"
דביר בנדק,"איזה מקום נפלא, אנטרקטיקה, ברש, המוסד, המשרד (סדרת טלוויזיה ישראלית), המתקפה (ש.ל.ר), הנפילים, זמן אוויר, ילדים טובים, מאיה, מי מפחד מהזאב הרע, מרס תורכי, סברי מרנן, סיפור גדול, עוד אני הולך, עיר מקלט"
דדי זהר,Datia's Song Celebration
"דוב הרן, דב הרן",A ṿilde moyd
דוד בן-נתן,"A ṭog in ir lebn, Der ḳibitser (April 27, 1967), Gidʻon, Yoysef Bulof in Gidon, אלהים, אדם ושטן, יש ליהודי ארצונת!..., מירלה אפרת"
דוד ברוך,"אגדת שלושה וארבעה, אירמה לה דוס, עזית של הצנחנים, קומדיה של טעויות, שניים עשר המושבעים"
דוד מוכתר-סמוראי,כל אדם והאמת שלו
דוד קיגלר,"איולף הקטן, אני לא מאמין, אני רובוט?!, מפטיר"
דוד שאול,"העולם מצחיק, הרמון"
דוד שושן,צ'רלי וחצי
דודו ארז,"הקרמבויז, מטומטמת"
דודו באוכנר,המנצח
דודו דותן,זהר
דודו טופז,"בובות (טלנובלה), מניו יורק באהבה, תל אביב לוס אנג'לס"
דודו טסה,"בלדה לאביב הבוכה, לבנון, מאמי"
דודו ירדני,שש נפשות מחפשות מחבר
דודו ניב,"בית לחם, חסמבה ושודדי הסוסים"
דודי גזית,גינת הפלאים של רינת
דודיק סמדר,"אירמה לה דוס, מורדי האור, סבינה והגברים, שירת הסירנה, תחיה ותהיה"
דוית גביש,אנטיגונה
דולב מסיקה,"אופוריה, המנצח, נעלמים, פלמ""ח"
דון לני-גבאי,השמיניה
דור מוסקל,על הספקטרום
דור עשת,"איך  אתה הולך?, איך אתה הולך (23 בינואר 1959), איך אתה הולך?"
דור צויגנבום,"בלוז לחופש הגדול, דיסטורשן"
דורה מגר,"Der dzshaz zinger, אלהים, אדם ושטן, אריינגעצימבלט..., הרבצנו ודי., האט א ייד א וויבעלע"
דורון נשר,"צלילה חוזרה, קרובים קרובים"
דורון עמית,"Traumfrauen, להישאר בחיים"
דורון צברי,"אלף, גמר גביע, החברים של יאנה, המדריך למהפכה, סיפורי תל אביב"
דורון צפריר,בנות
דורון תבורי,"מדיאה, מחבואים, סרט וארוחת בוקר, עץ לימון, קטמנדו"
דורותיאה ליביו,Ṭaṭe du lakhsṭ (1974)
דורי בן זאב,"הקרב על הוועד, מר באום"
דורי טפר,"The Sixteenth Lamb, כובע קסמים, עולמו המופלא של אוגוסטוס אגדתי"
דוריד לידאווי,"Giraffada, בורג, הזמן שנותר: כרוניקה של נוכח נפקד, להישאר בחיים, מיראל, מסתור, עומאר"
דורין כספי,איגור ומסע העגורים
דורית בר-אור,אין לה אלוהים
דורית לב ארי,"הבלתי רשמיים, חמש שעות מפריז, קופה ראשית"
דיאן ניל,"Dracula II: Ascension, Dracula III: Legacy, NCIS, NCIS: ניו אורלינס, Power, Suits, חוק וסדר: מדור מיוחד"
דין גרבר,תמונת הניצחון
דין הפנר,אבא מטפלת
דין מירושניקוב,"נקמה יהודית 6, פולמון, תאג""ד"
דינה דורון,"Holy Lands, אגדת הנהר, אירמה לה דוס, אל תתעסקו עם הזוהן, חתונה מאוחרת, חתונת פיגארו, ישו, קריה נאמנה"
דינה לימון,"אנטרקטיקה, לגעת באושר"
דינה סנדרסון,קיבוצניקים
דיקלה,"בלדה לאביב הבוכה, כביש הסרגל (סרט)"
דליה לביא,"Black-White-Red Four Poster, Candide ou l'optimisme au XXe siècle, Catlow, Cyrano and d'Artagnan, Das große Liebesspiel, Il demonio, Jules Verne's Rocket to the Moon, La Celestina P... R..., La fête espagnole, Nobody Runs Forever, Old Shatterhand, One Night on the Beach, Shots in Threequarter Time, Some Girls Do, Ten Little Indians, The Game of Truth, The Return of Doctor Mabuse, The Silencers, The Spy with a Cold Nose, The Whip and the Body, חולות לוהטים, לורד ג'ים, קזינו רויאל (1967), שבועיים בעיר זרה"
דליה עמיהוד,"איך אתה הולך (23 בינואר 1959), מכירים אותך, דוד!..."
דליה פרידלנד,"החברים של יאנה, יום הדין, ליזיסטרטה, מי מפחד מווירג'יניה וולף, רק לא בשבת, שבע פעמים ביום, שרית, שש נפשות מחפשות מחבר"
דליה שימקו,"אחד משלנו, צלילה חוזרה"
דליק ווליניץ,"המנצח, חמש חמש, מסע אלונקות"
דלית קהן,"יום יום, מרס תורכי, עלילה, שירת הסירנה"
דן בן אמוץ,רגעים
דן וולמן,חולה אהבה בשיכון ג'
דן כנר,זהר
דן מור,"15 שנה, בשבילה גיבורים עפים, טהרן"
דן שפירא,הנפילים
דן תורג'מן,"K, אוונטי פופולו, אמור, לגעת באושר"
דן תורן,"Pink Subaru, אחד משלנו, בחינת בגרות, עתליה, שנת אפס"
דנה ברגר,לילסדה
דנה דבורין,"The Sixteenth Lamb, כובע קסמים, עולמו המופלא של אוגוסטוס אגדתי"
דנה לב,"מיוחדת, תאג""ד"
דנה מודן,"אבירם כץ, הבועה"
דנה מיינרט,"אלף, אפס ביחסי אנוש"
דנה פרידר,"בובות (טלנובלה), גאליס, החברים של נאור, הלהקה האחרונה בלבנון, חתולים על סירת פדלים, עספור"
דני בסן,אין שמות על הדלתות
דני גבע,"אלנבי רומאנס, עוד אני הולך, קבלו אותי, קרוב לבית, שנת אפס"
דני ליטני,החיים על פי אגפא
דני לשמן,"השמיניה, חצויה, עץ לימון"
דני קמושביץ,קיבוצניקים
דני שגב,"אוונטי פופולו, הבועה, ימים של אהבה, סרט עם קתרין דנב"
דני שטג,"אבנים, הדילרים, העולם מצחיק, זהר, מבול, מישהו לרוץ איתו, צומת וולקן"
דניאל אפרת,ילדים טובים
דניאל ג'יידלין,ג'רוזלם
דניאל גד,"גאליס, גאליס - קונקט, המזח, מפריח היונים, פצועים בראש, שבאבניקים, שבעה"
דניאל גל,"ביום שהאדמה רעדה, הלהקה האחרונה בלבנון, חטיפה - קו 300, תאג""ד"
דניאל ליטמן,"אזהרת מסע, בעלת החלומות, נעלמים, פולמון, קרב אוויר (סרט), שלטון הצללים, תאג""ד"
דניאל מגון,"The Sixteenth Lamb, אלנבי רומאנס, כנפיים שבורות"
דניאל מורשת,"גאליס, גאליס - קונקט, האי, המזח, חאנשי, כאן גרים בכיף"
דניאל סבג,"הצלילה, זגורי אימפריה, קיבוצניקים"
דניאל סטיופין,קופה ראשית
דניאלה וירצר,הבועה
דניאלה קרטס,"Moments Within Moments, אדומות, מבצע חמניה, מלחמת העולם Z"
דפנה ארמוני,"אהבה גנובה, בנא, יוצאים קבוע"
דפנה דקל,"דפנה ודודידו, זהר, מנגן ושר, פלאי קלעים"
דפנה לוין,"אבירם כץ, אופוריה, מרס תורכי"
דפנה רכטר,"אהבה מעבר לפינה, פיתוי, קשר עיר"
דקל עדין,"אביבה אהובתי, אופוריה, מבול"
דקלה אלקסלסי,שבעה
דקלה הדר,דן ומוזלי
דר זוזובסקי,"A Beautiful Imperfection, פמת""א, פצועים בראש, קורדרוי (סדרת טלוויזיה)"
דרור ברק,Grunts
דרור קרן,"Made in Israel, אביבה אהובתי, אדם בן כלב, אני לא מאמין, אני רובוט?!, היפוליטוס, העולם מצחיק, חמש שעות מפריז, יונה סידס, לילסדה, מדוזות, מטומטמת, סיפורי תל אביב, פעם הייתי, שנת אפס"
הדס ירון,"The Complexity of Happiness, היינו בני המזל, למלא את החלל, למראית עין, מריה מגדלנה, פליקס ומאירה, קוגל"
הדס מורנו,"NO אקזיט, טלנובלה בע""מ"
הדס קלדרון,"גאליס, פלאות"
הדר גלרון,"ברוריה, הרמון"
הדר רצון-רותם,"אלי, חטופים"
הוגו ירדן,ללכת על המים
הילה הרוש,"בת השוטר, זגורי אימפריה, לאן נעלם נימני?"
הילה וידור,"אושר עטוף בשמיכה, הדברים שמאחורי השמש, לוויה בצהריים, רגליים קרות"
הילה מצקר-הלוי,מי אתה בשבילי
הילה סורג'ון פישר,"אלף, ביקור התזמורת, הכוכבים של שלומי, מיתה טובה, מרס תורכי, סיפור גדול"
הילה סעדה,"ביקור התזמורת, להיות איתה, מלכת היופי של ירושלים, מנפאואר, סרק סרק"
הילה ערן,הנפילים
הילה פלדמן,"אנטיגונה, הדרך לאן, וביום השלישי, למלא את החלל"
הילה רביב-צור,מלאכיות בלבן
הילי ילון,"אלנבי רומאנס, אני לא מאמין, אני רובוט?!, השמיניה, מאיה, סוף שבוע בתל אביב, עץ לימון"
הישאם סלימאן,"בגדאד סנטרל, לילה בחיפה, פאודה, תמונת הניצחון"
הלנה ירלובה,"בתולות, חמש שעות מפריז, עשו, צילי, קדמה"
הנרי אנדראוס,Wajib
הנרי דוד,"Olympus Inferno, PPS, בוקר טוב אדון פידלמן, הבודדים, קירות, רוק בקסבה"
הרצל טובי,"לצוד פילים, מנפאואר"
ויטלי פרידלנד,חיותה וברל
ויקטור עידה,המנגליסטים
ויקטור שנדרוביץ',Q4257634
ולדימיר דולינסקי,"An Ordinary Miracle, Confrontation (2024 series), Fat Stupid Rabbit, Give me a complaints book, In the Thirteenth Hour of the Night, Ispanskiy voyazh Stepanycha, Q4124278, Q4384229, Q52839564, Soviet Park, Strasti po Vladimiru, The Life and Adventures of Mishka Yaponchik, The Story of Voyages, The Very Same Munchhausen, V ozhidanii chuda, ד'ארטניאן ושלושת המוסקטרים, כוכב האושר שובה הלב, שלום לביתך!"
ולדימיר פרידמן,"אחת אפס אפס, ביום שהאדמה רעדה, בית""ר פרובנס, החברים של יאנה, המתקפה (ש.ל.ר), הפורצת, הקרב על תל חי (דרמת טלוויזיה), חמש שעות מפריז, ילדות רעות, כנפיים שבורות, קירות, רוק בקסבה, שושלת שוורץ, שנת אפס"
ולדימיר שאינסקי,8 ½ $
ולנטין ניקולין,"Chelovek menyaet kozhu, Failure of Engineer Garin, Kind Men, Q113290719, Q4055387, Q4114744, Q4224120, Tayna villy Greta, The Brothers Karamazov, Three Fat Men, קפה עם לימון"
ורד פלדמן,"PPS, אזהרת מסע, איולף הקטן, בית בגליל, השוטר הטוב, להישאר בחיים, מי מפחד מהזאב הרע"
ז'אנה גלבובה,Silvia
ז'אק כהן,"In Trouble, אביבה אהובתי, בלוז לקיץ, בלומפילד, בלפר (סרט, 1978), האישה באפור, המסעדה הגדולה, תיק ירושלים, תל אביב לוס אנג'לס"
ז'יל בן דוד,"אין לה אלוהים, בנו של האחר, יובל המבולבל (סדרה), רחוב סומסום"
ז'רמן אוניקובסקי,Q124613908
זאב ברלינסקי,מורדי האור
זאב רווח,"The Last Warrior, בובה, בית""ר פרובנס, גט - המשפט של ויויאן אמסלם, דלתא פורס 1 (ש.ל.ר), הבריחה מערב הסעודית, העולם מצחיק, התקווה לניצחון, חגיגה בסנוקר, חמישה ימים בסיני, מיתה טובה, סבינה והגברים, סיירים, פעמיים בוסקילה, שלטון הצללים, תיק ירושלים"
זאב שמשוני,"אלוהי הפסנתר, המוסד, נגוע, פלאש, צלילה חוזרה"
זבולון מושיאשווילי,"מלח ים, מפטיר, עפולה אקספרס"
זהר ליבה,"El Cid, בובות (טלנובלה), הבועה, ריקוד מסוכן"
זהר שטראוס,"אחת אפס אפס, אלף, האופה מברלין, הדברים שמאחורי השמש, לבנון, מדוזות, מיראל, מעשייה אורבנית, מרס תורכי, עיניים פקוחות, פמת""א, קירות, שטיסל"
זהרירה חריפאי,"אבו אל בנאת, בגלל חגורה, השוטר אזולאי, חמש חמש, יהודית, מדוזות, סאלח שבתי, סבינה והגברים, צלילה חוזרה"
זיגו כהנא,"A nakhṭ in Riyo, Der heyliḳer flam, Der zingendiḳer milner, Mayn mame der general (Performance)"
זיו מאיר,פים פם פה - בארמון הקסמים
זיוה רודן-שפיר,"China Gate, Pharaoh's Curse, Teenage Doll, The Giants of Thessaly, The Story of Mankind, The Tattered Dress, באטמן, קינג קריאול, רכבת אחרונה מגאנהיל"
זיוית אברמסון,אחרי הנפילה
זלמן לביוש,"אבן על כל מיל, גבעה 24 אינה עונה"
ח'אולה דיבסי,"God's Stories, סוף שבוע בתל אביב, עלטה, פאודה, קרוב לבית, רוק בקסבה"
ח'ליפה נאטור,"Tale of the Three Jewels, When Pigs Have Wings, ביקור התזמורת, בנו של האחר, החתונה של רנא, הירושה, ויהי בוקר, ערבים רוקדים - זהות שאולה"
חגית דסברג,"גולם במעגל, החיים בינתיים, העדות, וביום השלישי"
חוה אורטמן,"המנצח, שבלולים בגשם"
חוה אלברשטיין,"אין שמות על הדלתות, סיפור אינטימי"
חיה הררית,"Journey Beneath the Desert, La Donna del Giorno, Q102417280, The Last Charge, The Secret Partner, אבן על כל מיל, בן חור, גבעה 24 אינה עונה, הרופאים הצעירים"
חיים אוסדון,השכונה של הופ!
"חיים איינסמן,חיים אינסמן","איך  אתה הולך?, איך אתה הולך (23 בינואר 1959), איך אתה הולך?, מכירים אותך, דוד!..."
חיים אמיתי,"אגדת שלושה וארבעה, אמא קוראז' וילדיה, דודה ליזה, כל אדם והאמת שלו, שניים עשר המושבעים"
חיים אתגר,פיתוי
חיים בוזגלו,דיסטורשן
חיים בנאי,"Mayn mame der general (Performance), הבית ברחוב שלוש, חולה אהבה בשיכון ג', סוף שבוע בתל אביב"
חיים זנאתי,"אדומות, אליס, דיסטורשן, המשגיחים, כידון, מלך של קבצנים, סוף שבוע בתל אביב, עיניים פקוחות"
חיים חובה,"הבעל הנצחי, המשגיחים"
חיים טופול,"Galileo, Left Luggage, The House on Garibaldi Street, אלדורדו, ארבינקא, הטל צל ענק, העין הציבורית, כנר על הגג, לעינייך בלבד, לפני בוא החורף, סאלח שבתי, פלאש גורדון"
חיים שריר,"למלא את החלל, מבצע חמניה"
חלי גולדנברג,"בנות, עלטה"
חן אמסלם,"אתי אלון - האישה שגנבה 250 מיליון, בני מצווה, הרמון, זגורי אימפריה, מכתוב, פמת""א, שלטון הצללים"
חן רוטמן,"זאת וזאתי, חנאל ומכבית"
חנה אזולאי-הספרי,"אנשים כתומים, בנות, חולה אהבה בשיכון ג', נאדיה, צמות, שבעה, שושלת שוורץ, שחור, שמיכה חשמלית ושמה משה"
חנה טנצר,לחיות ולצחוק
חנה לסלאו,"101 כלבים דלמטים, Anywhere Else, PPS, אדם בן כלב, אולטימאטום, אזור חופשי, בלפר (סרט, 1978), בנות הזהב (סדרת טלוויזיה ישראלית), גבעת חלפון אינה עונה, המועדון לספרות יפה של הגברת ינקלובה, לילה בחיפה, נבסו, עלילה, קשר הדבש, שבעה"
חנה מרון,"M, Marriage in Trouble, אבן על כל מיל, אדם בן כלב, דודה קלרה, הדה גבלר, יום יום, קרובים קרובים, שיר ערש לאבי"
חנה רובינא,"אמא קוראז' וילדיה, דודה ליזה, כל אדם והאמת שלו, רוחות"
חנה רוט,רחוב סומסום
חנה ריבר,"בעסער מ'רדט נישט, שתיקה של זהב"
חנה'לה הנדלר,"אמא קוראז' וילדיה, כל אדם והאמת שלו"
חנוך רעים,אפטר
חני נחמיאס,"101 כלבים דלמטים, בחדר של חני"
חני פירסטנברג,"הגולם (סרט, 2019), הפלנטה הבודדה ביותר, יוסי וג'אגר, מדורת השבט, עיר מקלט"
חנן סביון,"בילי, בעלת החלומות, זרים מושלמים, יוסי וג'אגר, מכתוב, עספור, פצועים בראש, שאטו עין כרם"
טארק קובטי,"Q128569143, Wajib, איש ללא סלולרי, ביקור התזמורת, בית לחם, ג'נקשן 48, הבוגד הקטן, הזמן שנותר: כרוניקה של נוכח נפקד, הירושה, הכלה הסורית, חיוך הגדי, טעם התפוחים אדום, להישאר בחיים, עומאר, עץ לימון, ערבים רוקדים - זהות שאולה"
טובה פרדו,"אויב העם, הרוצחים הקטנים"
טוביה דובלרו,חסמבה ושודדי הסוסים
טוביה צפיר,"גבעת חלפון אינה עונה, האינסטלטור, המועדון לספרות יפה של הגברת ינקלובה, השכונה של הופ!, טובי דובי, טלנובלה בע""מ, סברי מרנן, עם סגולה"
טוביה רוזנפלד,עלילות ארץ גושן
טום אביב,הטבח
טום באום,"האיש שרצה לדעת הכל (סדרת טלוויזיה), לילה בחיפה"
טום יפת,שכויה
טוני ברמן,כאן גרים בכיף
טטיאנה קנליס אולייר,האב
טינקרבל,"אזור חופשי, בקרוב יקרה לך משהו טוב, ג'ירפות, ההסדר, עיניים פקוחות"
טל בלכרוביץ',דן ומוזלי
טל טלמון,"דני הוליווד, הרמון"
טל מוסרי,"The Sixteenth Lamb, אח שלי הגדול, היהודים באים, זיגי, כובע קסמים, נעלמים, עולמו המופלא של אוגוסטוס אגדתי"
טל מן,עולמו המופלא של אוגוסטוס אגדתי
טל פרידמן,"אולטימאטום, ארץ נהדרת, האח של דריקס, המוסד, זוהי סדום, שושלת שוורץ"
טל קלאי,"אליס, הצגה יומית, נמס בגשם"
טלי אורן,נעלמים
טלי שרון,"בת השוטר, הדברים שמאחורי השמש, טלנובלה בע""מ, ילדות סכסכניות, כביש הסרגל (סרט), למראית עין, שלוש אמהות"
טליה ברטפלד,חאנשי
טליה שפירא,"בלפר (סרט, 1978), הבלש האמיץ שוורץ, משה"
יאיר להמן,"עלילות ארץ גושן, תמרות עשן"
יאיר לוטן,"דור מזוין, לילה אחד עם המלך"
יאיר לפיד,"יאיר לפיד (תוכנית טלוויזיה), עץ לימון, שירת הסירנה"
יאיר רובין,"בקרוב יקרה לך משהו טוב, עתליה, צלילה חוזרה, שמיכה חשמלית ושמה משה"
יאנה גור,"קירות, תמרות עשן"
יבגניה דודינה,"In Times of Fading Light, Made in Israel, אדם בן כלב, איולף הקטן, אין בתולות בקריות, אנה, ד""ר פומרנץ, המלך ליר, זמן אוויר, לא רואים עליך, מכתבים לאמריקה, סיפור חצי רוסי, קלרה הקדושה, קרקס פלשתינה"
יגאל זקס,לגעת באושר
יגאל נאור,"300: עליית האימפריה, Dead Europe, Green Zone, Riviera, Stratton, The Promise, אנטיגונה, הבית של סדאם, הבלתי רשמיים, ההסדר, הכוכבים של שלומי, התאבדות, חקירה מעבר לקווים, יוליוס קיסר, כביש הסרגל (סרט), מינכן, מפריח היונים, משימה חשאית בדמשק, עד לאזור לחימה, קלרה הקדושה"
יגאל שדה,"איולף הקטן, אנטיגונה, הדרך לאן, המלך ליר, מאיה, שליחותו של הממונה על משאבי אנוש"
יגאל שילון,אחד באפריל
ידידיה ויטל,"בילי, השמיניה, חצויה"
ידין גולדמן,אחרי הצלצול (סדרת טלוויזיה ישראלית)
ידין גלמן,תמונת הניצחון
יהודה אפרוני,"אגדת שלושה וארבעה, אויב העם, אותלו, אירמה לה דוס, אמא קוראז' וילדיה, הכתובה, הרוצחים הקטנים, השקרן, חלום ליל קיץ, מבצע שטריימל, פיתוי, קומדיה של טעויות, שניים עשר המושבעים"
יהודה בארקן,"Robinson and His Tempestuous Slaves, חגיגה בסנוקר, כץ וקרסו, לופו, מלכת הכביש, נשיקה במצ""ח, צ'רלי וחצי, צומת וולקן, שתי דפיקות לב"
יהודה לוי,"For the Love of Money, אהבה מעבר לפינה, איסט סייד, איש חשוב מאוד, אמא ואבאז, האלופה, הבורר, המדרשה, יוסי וג'אגר, לחיי האהבה, מינכן, מעילה, פלאות, שושלת שוורץ"
יהודה נהרי הלוי,"רימון הזהב, שבלולים בגשם, תיכון השיר שלנו"
יהודה פוקס,"המשכנע בע""מ, מלך של קבצנים, שמיכה חשמלית ושמה משה, תחיה ותהיה"
יהודה רובינשטיין,"אמא קוראז' וילדיה, חתונת פיגארו, כל אדם והאמת שלו"
יהונתן וילוז'ני,כיסופים
יהונתן מגון,"אלנבי רומאנס, חיותה וברל"
יהונתן מרגי,PPS
יהונתן סגל,"אסקימו לימון, בלוז לקיץ, המתופפת הקטנה, יוצאים קבוע, נגוע, ספיחס, קשר עיר, רומן זעיר, רשימת שינדלר, שפשוף נעים"
יהורם גאון,"כביש ללא מוצא, כל ממזר מלך, מבצע חמניה, מבצע יונתן, סברי מרנן, קזבלן, קרובים קרובים"
יהושע ברטונוב,"חתונת פיגארו, נגד רצון האבות, שניים עשר המושבעים"
יהלי מרגלית טופול,"המדריך לרצח לילדות טובות, המקעקע מאושוויץ"
יהלי סובול,מדוזות
יהלי תסאת,"אודם, אופוריה, הלהקה האחרונה בלבנון, מדינת הגמדים, ציון ואחיו, שעת נעילה"
יוּסֻף סוויד,"American Odyssey, Inch'Allah, Munich Games, Tender Hearts, Touched, אגורא, בגדאד סנטרל, הבועה, התסריטאי, חסר מנוחה, יובל המבולבל (סדרה), ללכת על המים, עומאר, תל אביב על האש"
יואב דונט,Inch'Allah
יואב הייט,"All Eyes Off Me, איזה מקום נפלא, חצויה, רימון הזהב, תהילים"
יואב היימן,מבצע חמניה
יואב לוי,"בני מצווה, בעלת החלומות, הבלתי רשמיים, כוננות עם שחר, מיראל, שמים אדומים"
יואב צפיר,בלוז לחופש הגדול
יואב קוטנר,עם סגולה
יואב רבינוביץ',טלוויזיה מהעתיד
יואב רוטמן,"אנטילופות, מבול, מיקמק - הסדרה, נעלמים, עשו"
יואל דרורי,עלילות ארץ גושן
יואל רוזנקיאר,"Q124613908, הצלילה, קיבוצניקים, תוכנית א'"
יובל אדלר,בית לחם
יובל בנאי,"מאמי, מכת שמש, נאדיה"
יובל ינאי,נעלמים
יובל כרמי,אפטר
יובל מנדלסון,"חתולים על סירת פדלים, מישהו לרוץ איתו"
יובל סגל,"אין לה אלוהים, אפס ביחסי אנוש, זמן אוויר, לרקוד, מתנה משמיים, פאודה, קצרים"
יובל סגל (1980),"אור, דן ומוזלי"
יובל סמו,"אבא מטפלת, אהבה קולומביאנית, ארץ נהדרת, בקרוב יקרה לך משהו טוב, החברים של נאור, הפרלמנט, השוטר הטוב, זוהי סדום, זנזורי, יוסי וג'אגר, ללכת על המים, שקופים (סדרת טלוויזיה)"
יובל רז,אנטרקטיקה
יובל שם-טוב,"השכונה של הופ!, יובל המבולבל (סדרה)"
יובל שרף,"All Russians Love Birch Trees, איים אבודים, אנה ערביה, הדילרים, לבד בבית, מלכת היופי של ירושלים, פולמון, פלאות"
יוגב יפת,טלוויזיה מהעתיד
יונה אליאן,"החורף האחרון, חלום ליל קיץ, יהלומים, ילדות רעות, כיכר החלומות, נורית, סברי מרנן, שלושה ואחת"
יונה עטרי,רחוב סומסום
יונה רודן,Der dibeḳ
יונה רוזנקיאר,"Q124613908, הצלילה"
יוני זיכהולץ,החברים של נאור
יוני חן,חמש חמש
יוני להב,גור ואוח
יונית טובי,"אפס ביחסי אנוש, גאליס"
יונית שהם,אל תדחוף את האף
יונתן בר-אור,יונייטד היי
יונתן ברק,"נמס בגשם, תמונת הניצחון"
יונתן עוזיאל,"הכתובה, מפטיר, קרב אוויר (סרט)"
יונתן צ'רצ'י,"אביבה אהובתי, דלתא פורס 1 (ש.ל.ר), מאיה, שמיכה חשמלית ושמה משה"
יונתן רוזן,"הכוכבים של שלומי, מפטיר"
יוסי אלפי,תחיה ותהיה
יוסי בנאי,"אגדת שלושה וארבעה, שניים עשר המושבעים, ששת הימים"
יוסי גרבר,"איזה מקום נפלא, אנטיגונה, בלומפילד, החיים בינתיים, חימו מלך ירושלים"
יוסי וואסה,נבסו
יוסי וירז'נסקי,יום הדין
יוסי טולדו,נעלמים
יוסי מרשק,"אל תתעסקו עם הזוהן, אני לא מאמין, אני רובוט?!, הבועה, היהודים באים, העולם מצחיק, זרים מושלמים, לבד בבית, להעיר את הדב, מבצע חמניה, מנפאואר, עתלית, פלפלים צהובים"
יוסי סגל,"קומדיה של טעויות, שמיכה חשמלית ושמה משה"
יוסי עטיה,בית בגליל
יוסי עיני,בית לחם
יוסי פולק,"דודה ליזה, האב, הבית ברחוב שלוש, חלום ליל קיץ, עתליה"
יוסי צברי,קיבוצניקים
יוסף אבו ורדה,"Amreeka, No Name Restaurant, Wedding in Galilee, איים אבודים, אנה ערביה, גמר גביע, הארץ המובטחת, הירושה, התנתקות, חצויה, יום יום, סוף שבוע בתל אביב, קדוש, קדמה, שנת אפס, תמרות עשן"
יוסף אל-דרור,Made in Israel
יוסף ידין,"Stop Train 349, אבן על כל מיל, ארבעה בג'יפ, בלומפילד, גבעה 24 אינה עונה, מבצע קהיר, שקרים שסיפר לי אבי"
יוסף כרמון,"אדמה משוגעת, אנטיגונה, ד""ר פומרנץ, דודה קלרה, הפטנט, חיותה וברל, מיתה טובה, מר באום, עלילה, קמטי צחוק"
יוסף שילוח,"American Cyborg Steel Warrior, Carlos, Chain of Command, La salamandra del deserto, The Story of Jacob and Joseph, אבו אל בנאת, אני אוהב אותך רוזה, גן עדן (סרט, 1982), גרין, הבית ברחוב שלוש, הבלש האמיץ שוורץ, חגיגה לעיניים, ימים של אהבה, ישו, כיכר החלומות, כץ וקרסו, לילסדה, משה, סהרה, צמות, רמבו 3"
יורי ליובימוב,"A Noisy Household, Belinsky, Cain XVIII, Composer Glinka, Days and Nights, Michurin, Příběhy slavných, Q18279716, Q4127313, Three Encounters"
יורם חטב,"Djihad, כבודו, כיפור, עור, צומת וולקן, קדוש, שלוש אמהות"
יורם טולדנו,"אדם בן כלב, אנשים כתומים, בעלת החלומות, הרמון, חטופים, חמש שעות מפריז, יונייטד היי, מבול, שלוש אמהות, תמרות עשן"
יורם יוספסברג,מלח הארץ
יורם קניוק,אדם בן כלב
יותם קושניר,אליפים
יחזקאל לזרוב,"אבירם כץ, אהבה אסורה, ברקיע החמישי, דרייבר, האישה באפור, המנטליסט, העולם מצחיק, פמת""א, שלוש אמהות, תאג""ד"
יחיאל אלקבץ,פיק אפ
יניב ביטון,"אבירם כץ, גן קופים, היהודים באים, הפורצת, הפילגש, חומוס FULL טריילר, קיבוצניקים"
יניב סויסה,"אתי אלון - האישה שגנבה 250 מיליון, פמת""א, קופה ראשית"
יניב פולישוק גרי המבורגרי,הנפילים
יסמין דאימונד,לחיי האהבה
יסמין עיון,"מפריח היונים, שישו ושמחו (סדרת טלוויזיה)"
יעל אביב,שבע פעמים ביום
יעל אבקסיס,"Bella ciao, Papa, Surviving with Wolves, Three-Step Dance, בעבור סשה, דרייבר, הד, הסודות של מישל, הרחק מהיעדרו, חטופים, חתה יסבח סבח, לצוד פילים, סיפורי תל אביב, עלילה, ערבים רוקדים - זהות שאולה, עתלית, קדוש, קדמה, רבין, היום האחרון, שבעה, תחיה ותהיה"
יעל איתן,אלי
יעל אלקנה,"הטבח, קיבוצניקים"
יעל בר זוהר,"בננות, טלנובלה בע""מ, עולמו המופלא של אוגוסטוס אגדתי, שחר"
יעל גרובגלס,"Fort Rozz, Triggers, ג'יין הבתולה, ג'רוזלם, האי, חצויה, כלבת, ממלכה"
יעל דואני,לחיי האהבה
יעל הדר,"אילי ובן, לחיי האהבה, מרס תורכי, צומת וולקן, שאכטה, שחקנים"
יעל טוקר,רווקה פלוס
יעל טל,למלא את החלל
יעל לבנטל,"בחצר של פופיק, החיים זה לא הכל, עם סגולה, פעם הייתי"
יעל פוליאקוב,"אחד העם 1, אחד העם 101, אין לה אלוהים"
יעל שרוני,"בשבילה גיבורים עפים, היהודים באים, סרוגים"
יעקב איילי,מאיה
יעקב איינשטיין,סבינה והגברים
יעקב אלפרין,"Folks-yom-Tev fun freyd un gezang!, Gidʻon, Lakhṭ gezunṭerheyṭ!, Yoysef Bulof in Gidon, דבר לענין, רעד צו דער זאך, האט א ייד א וויבעלע, הדוד אמריקה, חג שמח, לא מלקקים דבש!, לאכט געזונטערהייט!, לחיות ולצחוק"
יעקב בודו,"Auf Wiedersehen Amerika, חמש חמש, כשנותנים - קח!, פעם הייתי, קופה ראשית, רק לא בשבת"
יעקב בן-סירא,"מבצע שטריימל, רק בלירה, שבע פעמים ביום"
יעקב בנאי,שמיכה חשמלית ושמה משה
יעקב זדה-דניאל,"אלף, דרייבר, להעיר את הדב, מטומטמת, על הספקטרום, קרתגו, שמים אדומים"
יעקב כהן,"הבלתי רשמיים, שחור"
יעקב ריינגלס,"אריינגעצימבלט..., הרבצנו ודי., מירלה אפרת"
יערה פלציג,השוטר
יפים ברזין,"An Easy Life, Migrants, Q109428516, Q116811481, Q25435781, Q4177578, Q4526839, Q4527728, Variety Stars"
יפית אסולין,"אבא מטפלת, הדרך לאן, זגורי אימפריה, שלטון הצללים"
יפתח מזרחי,אנטרקטיקה
יפתח קליין,"אזימוט, המועדון לספרות יפה של הגברת ינקלובה, השוטר, למלא את החלל, מלח ים, נודל, קורדרוי (סדרת טלוויזיה), רק כלבים רצים חופשי"
יפתח קצור,"אהבה צעירה, אסקימו לימון, בלוז לקיץ, הרימו עוגן, יוצאים קבוע, ספיחס, עתליה, רומן זעיר, שפשוף נעים"
יצחק חביס,"A ṭog in ir lebn, Der ḳibitser (April 27, 1967), Gidʻon, בעל להשכיר!, יונה עושה חיים"
יצחק חזקיה,"אבנים, בנות, מדוזות, מעשייה אורבנית, שמיכה חשמלית ושמה משה"
יצחק מיכאל שילה,"אויב העם, גבעה 24 אינה עונה, המלט, מלחמה ושלום, מצדה"
ירדן בר-כוכבא,"דן ומוזלי, פעם הייתי"
ירון בן הרוש,נעלמים
ירון ברובינסקי,חיותה וברל
ירון ברלד,ארץ נהדרת
ירון לונדון,"זוג נשוי, כידון"
יריב מוזר,שבלולים בגשם
ישי גולן,"Street Food Around The World, The Rashevski Tango, The Reports on Sarah and Saleem, בית בגליל, הגולם (סרט, 2019), הדרך לאן, וביום השלישי, ויקי ואני, חטופים, חיי אהבה, כפולים, מָנָאיֶיכּ, מלח הימה (ש.ל.ר), קדמה"
ישראל אהרוני,"המסע המופלא של אהרוני וגידי, סוף שבוע בתל אביב"
ישראל אוגלבו,מלכת היופי של ירושלים
ישראל אטיאס,"זגורי אימפריה, זיגי, שבאבניקים"
ישראל בידרמן,הרוצחים הקטנים
ישראל בקר,"דודה ליזה, הפיזיקאים, חנה סנש, חתונת פיגארו, מי מפחד מווירג'יניה וולף, מקבת, שניים עשר המושבעים"
ישראל ברייט,המנגליסטים
ישראל גוריון,"גרין, המנצח"
ישראל דמידוב,"Den vyborov 2, Election Day, Q4195588, Q4429825, בוקר טוב אדון פידלמן, החברים של יאנה, מבצע חמניה, קלרה הקדושה"
ישראל טרייסטמן,בנות
ישראל יצחקי,"Geshosn un getrofn, אלהים, אדם ושטן"
ישראל פוליאקוב,"גבעת חלפון אינה עונה, הקרב על הוועד, שלאגר"
ישראל קטורזה,"הלהקה האחרונה בלבנון, העולם מצחיק, התנתקות, כידון, לבד בבית, סוף העולם שמאלה"
ישראל רובינצ'יק,"אגדת שלושה וארבעה, אירמה לה דוס, ליל הקסמים, מסע לנינוה"
ישראל שומאכר,"A guṭn Purim malekh, Di ṿelṭ shoḳolaṭ zikh!, Yom-ṭev inderṿokhn, איך  אתה הולך?, איך אתה הולך (23 בינואר 1959), איך אתה הולך, זע ווי דו גייסט, איך אתה הולך?, אל תדחוף את האף, אן א היים, אריינגעצימבלט..., הרבצנו ודי., מכירים אותך, דוד!..., צחוק ולא יעבור, טאטע ולא יעבור"
כוכבה הררי,"Lakhṭ gezunṭerheyṭ!, אריינגעצימבלט..., הרבצנו ודי., יש ליהודי ארצונת!..., לאכט געזונטערהייט!"
כרמית מסילתי-קפלן,וביום השלישי
כרמל בין,המפקדת
כרמל לוטן,"יומני החופש הגדול, נעלמים"
כרמלה קורן,"Between Shanghai and St. Pauli, Dance with Me Into the Morning, His Best Friend"
לאה קמחזי,הדרך לאן
לאה שלנגר,"Dos groyse  geṿins, Gidʻon, Yoysef Bulof in Gidon, איך  אתה הולך?, איך אתה הולך (23 בינואר 1959), איך אתה הולך?, האחים אשכנזי, מכירים אותך, דוד!..."
לאוניד קנייבסקי,"Along Unknown Paths, Eastern Dentist, Investigation Held by ZnaToKi. Case #1. Black Brocker, Q113290719, Q28664588, Q4327835, Q4339387, Q4423255, Q4423264, Q4423268, Q4423270, Q4423273, Q4423275, Q4423276, Q4423279, Q4423282, Q4448732, Q4492186, Q65199255, The City of Masters, The Pretender, What Men Talk About. Continuation, ד'ארטניאן ושלושת המוסקטרים, החקירה מנוהלת על ידי ידענים, יד היהלום"
לאורה ריבלין,"בית בגליל, דון ז'ואן, האדונית והרוכל (סרט), הינשוף, המנצח, השוטר הטוב, קרובים קרובים, שטוקהולם"
לביא זיטנר,"עיר מקלט, רוק בקסבה"
לבנה פינקלשטיין,"The Mechanik, אביבה אהובתי, אני אוהב אותך רוזה, הבוגד הקטן, המילים הטובות, העולם מצחיק, מאחורי הסורגים 2, מיתה טובה, סוסעץ, סיפור גדול"
לואי נופי,"Pink Subaru, איש ללא סלולרי, בנו של האחר, בקבוק בים של עזה, להישאר בחיים, מטומטמת, מיראל, עלטה, עץ לימון, ערבים רוקדים - זהות שאולה, שמים אדומים"
לוליטה מילבסקיה,"Cinderella, Crazy Day or The Marriage of Figaro, Evenings on a Farm near Dikanka, Kingdom of Crooked Mirrors"
לוסי אהריש,כבודו
לוסי דובינצ'יק,"אנטרקטיקה, גיבורים קטנים, ד""ר פומרנץ, החצר, המנצח, מלח הארץ, מפטיר, קלרה הקדושה"
לורן מייקלס,"I Am Chris Farley, The Canadian Conspiracy, איש על הירח"
לי בירן,"חצויה, פצועים בראש, שעת נעילה"
ליא קניג,"המועדון לספרות יפה של הגברת ינקלובה, המלך ליר, זכרון דברים, מלך של קבצנים, צילי, קדוש, קמטי צחוק"
ליאור אשכנזי,"אולטימאטום, אילי ובן, איש החשמל, ארץ נהדרת, בטיפול, בננות, בת השוטר, גולדה, הבועה, היינו בני המזל, המנצח, הסיפור של יוסי, הערת שוליים, הקרב על תל חי (דרמת טלוויזיה), חתונה מאוחרת, כלבת, ללכת על המים, מי מפחד מהזאב הרע, מלח הארץ, מסתור, מתנה משמיים, נורמן: עלייתו המתונה ונפילתו התלולה של מאכער אמריקאי, עקרון ההחלפה, עשו, פגע וברח, פוקסטרוט, קריוקי, רק כלבים רצים חופשי, שבעה ימים באנטבה, שלום ולהתראות, שעת נעילה"
ליאור זוהר,"איינשטיין הילד שלא הפסיק לשאול, טובי דובי"
ליאור ייני,"לאן נעלם דניאל וקס?, סיירים"
ליאור כהן,גאליס
ליאור כלפון,"דן ומוזלי, לבד בבית"
ליאור מילר,"Private, מלח ים, מפטיר, תגובה מאוחרת"
ליאור רז,"גלדיאטור 2, החדר הצפוף, העולם מצחיק, השוטר, מבול, מבצע פינאלה, מטומטמת, מריה מגדלנה, פאודה, פגע וברח"
ליאור שליין,גב האומה
ליאל דניר,מלאכיות בלבן
ליאנה עיון,"ביום שהאדמה רעדה, בלקספייס, בעלת החלומות, בת השוטר, קיבוצניקים, שכויה"
ליאת אזר,מלאכיות בלבן
ליאת אחירון,"The Sixteenth Lamb, כובע קסמים, עולמו המופלא של אוגוסטוס אגדתי"
ליאת אקטע,"אנטרקטיקה, מיראל, סדקים"
ליאת ביין,"המונה דופק, חיי אהבה"
ליאת גורן,"את לי לילה, מאיה, מנפאואר"
ליאת גליק,"כיפור, מלח הארץ, מלח ים, סרוגייט"
ליאת הר לב,"ארץ נהדרת, הפרלמנט, עקרון ההחלפה, שאולי ומלחמת האזרחים"
ליהי קורנובסקי,"איש חשוב מאוד, היינו בני המזל, הפורצת, יומני החופש הגדול, סאבלט, פשעי העתיד, קיבוצניקים, קרב אוויר (סרט), שכויה"
ליז רביאן,אלף
ליטל רוזנצוייג,הנפילים
לילי קוסאשווילי,חתונה מאוחרת
לילי ריץ׳,"Infinite, The Capture, כיבוש 1453, רמזור"
לילך סונין,עם סגולה
לים לובאני,"Rock the Kasbah, בגדאד סנטרל, עומאר, קונדור"
לימור גולדשטיין,"האישה באפור, וביום השלישי, כידון, מלח הארץ, מריונטה (סרט), נמס בגשם, ראש גדול, תהילים"
לירון בן-שלוש,"את לי לילה, הפורצת, מאיה, מוטלים בספק"
לירון ברנס,עץ לימון
לירון וייסמן,"האלופה, יונייטד היי, מדוזות"
לירון זייד,כובע קסמים
לירון כרקוקלי,כוח המים (סדרת טלוויזיה)
לירון לב,"Datia's Song Celebration, המסע לכוכב המינימיקים"
לירון לבו,"11'09""01 September 11, David & Kamal, Septembers of Shiraz, The Omega Code, אזור חופשי, אמור, בשר תותחים, התנתקות, זה בודאי המקום, זרים, כידון, כיפור, מינכן, מיראל, מפטיר, סרק סרק, עלילה, קדמה, קטמנדו, קירות"
לירון נירגד,הלהקה
לירון קורן,אילי ובן
לירז חממי,"נעלמים, על הספקטרום"
לירז צ'רכי,"אלו שעומדים למות, האלופה, טהרן, כלים שלובים, סוף העולם שמאלה"
לירית בלבן,"15 שנה, אהבה קולומביאנית, בידיים טובות, בלדה לאביב הבוכה, הבורר, טרופיקנה (סרט), נעלמים, קומי קומי"
למיס עמאר,סופת חול
לנה אטינגר,"Have Mercy on Us All, אבנים, בנו של האחר, הדרך לאן, הכלה הסורית, מבול, סרוגייט, קרוב לבית, תחיה ותהיה"
לנה פרייפלד,ולריה מתחתנת
לנה קאליש,"Q56314325, כבודו (סדרת טלוויזיה אוסטרית), מוטי וולקנברוך מתעורר לחיים"
מאור זגורי,זגורי אימפריה
מאור לוי,חמדה (סרט)
מאור שוויצר,"אופוריה, איביזה, איש חשוב מאוד, גאליס, יש לה את זה, מדינת הגמדים, פולמון, קרב אוויר (סרט), שמים אדומים, שעת נעילה"
מאיה בוסקילה,ימים של אהבה
מאיה גסנר,המנון
מאיה ורטהיימר,שבאבניקים
מאיה מרון,"בטיפול, כנפיים שבורות, מדורת השבט, קלרה הקדושה"
מאיה עשת,"Remembrance, נייטפלייר"
מאיה שואף,"גאליס, חצויה"
מאיסה עבד אלהאדי,"Gaza mon amour, Huda's Salon, The Alleys, The Reports on Sarah and Saleem, איש ללא סלולרי, בגדאד סנטרל, ג'נקשן 48, הזמן שנותר: כרוניקה של נוכח נפקד, מתים לרגע, עיני גנב, תל אביב על האש"
מאיר בנאי,נאדיה
מאיר גולדשמיד,"Der dibeḳ, Der zingendiḳer milner"
מאיר זרחי,I Spit on Your Grave: Deja Vu
מאיר מרגלית,משפחת שמחון
מאיר סויסה,"אחד בלב, אין לה אלוהים, אין שמות על הדלתות, בנות, גמר גביע, הכתובה, הלהקה, נאדיה, שירת הסירנה, תחיה ותהיה"
מארינה מקסימיליאן,תמרות עשן
מארק איווניר,"24, 360, Bunraku, CSI: מיאמי, CSI: ניו יורק, Day 2: 2:00 am - 3:00 am, Day 2: 3:00 am - 4:00 am, Gray Hour, Holy Rollers, Im Angesicht des Verbrechens, Marines, Rubikon, Rules of Engagement, The Fourth State, The Man Who Cried, Touch, Zero Day, אלוף ללא עוררין 2, אלוף ללא עוררין 3, בית הבובות, ברלין ירושלים, ג'אג, ג'וני אינגליש חוזר, האפיפיור החדש, הוואי חמש-אפס, ווקר, זהות בדויה, טרמינל, כולם אוהבים לוויתנים, כלים שלובים, להתראות גרמניה, מה בדיוק קרה, מחץ הדלתא 3, מר וגברת סמית', עבור כל האנושות, עשו, רשימת שינדלר, שומר המדינה, שליחותו של הממונה על משאבי אנוש"
מגי אזרזר,"בתולות, ויקי ואני, יש לה את זה, מי זאת? (תוכנית טלוויזיה)"
מודי בר-און,סיפורי תל אביב
מוחמד בכרי,"Boy from Heaven, Death Before Dishonor, Giraffada, Hanna K., La Masseria Delle Allodole, Laila's Birthday, Matrimoni e altri disastri, Private, Q128791954, Q3210373, Rami og Julie, Sous les pieds des femmes, Tale of the Three Jewels, The Body, Wajib, אסתר, גמר גביע, חיפה, כיכר החלומות, להב חצוי, מאחורי הסורגים, מאחורי הסורגים 2, מתנקש אמריקאי, נוזהת אל-פואד"
מוטי בן ישי,על הספקטרום
מוטי גלעדי,The Pinups
מוטי כץ,"האישה באפור, החיים זה לא הכל"
מוטי קירשנבאום,זוהי סדום
מולי שולמן,בשבילה גיבורים עפים
מון שביט,שטיסל
מוני מושונוב,"Q113362730, אהבה גנובה, אולטימאטום, אלי, בטיפול, בסמה מוצ'ו, היהודים באים, הלילה הוא שלנו, חברי ויג'איי, חומוס FULL טריילר, חתונה מאוחרת, כלת הים, לצוד פילים, לרקוד, מחילות, מסע אלונקות, מעל הגבעה, מתנה משמיים, עד לאזור לחימה, עקרון ההחלפה, קדמה, קצרים, רפסודיה בולגרית, שנת אפס, שרגא בישגדא, שתי אהבות"
מוניקה ורדימון,פעמיים בוסקילה
מוסקו אלקלעי,"Lansky, Meeting Venus, The Rashevski Tango, אין שמות על הדלתות, אלנבי רומאנס, אסקימוסים בגליל, בלומפילד, בר 51, החברים של יאנה, מלך של קבצנים, צלילה חוזרה, שבע פעמים ביום, תעלת בלאומילך"
מוקי,"ז'אטם איי לאב יו טרמינל, כנפיים שבורות, מטומטמת"
מור סרוסי,בעלת החלומות
מור פולנוהר,"Shtaim, גאליס, עור"
מורין אמור,אלף
מוריס כהן,"אחת אפס אפס, בת השוטר, בתולות, האיש שרצה לדעת הכל (סדרת טלוויזיה), המשגיחים, זיגי, כלת הים, עלטה, עקרון ההחלפה"
מורן אטיאס,"Gas, Oggi sposi, The Roses of the Desert, The Three Mothers, אם הדמעות, גוף שלישי, הרודן, זרים מושלמים, ימים של אהבה, שלושת הימים הבאים"
מורן רוזנבלט,"אודם, איש חשוב מאוד, היינו בני המזל, חתונה מנייר, חתונה עם סבתא, מבצע שלאגר, פרה אדומה (סרט), שבלולים בגשם"
מחמוד שלבי,"Free Men, בנו של האחר, בקבוק בים של עזה, כלת הים"
מיה דגן,"אבידות ומציאות, אמא ואבאז, האיש שרצה לדעת הכל (סדרת טלוויזיה), המפקדת, פעם הייתי"
מיה לנדסמן,"המפקדת, ילדות סכסכניות, קופה ראשית"
מיטל גל סויסה,אפס ביחסי אנוש
מיטל דוהן,"Man on the Street, Monogamy, בית הבובות, הארטיסט, העשב של השכן, לרקוד"
מיטל מיכאלי,גאליס
מייק בורשטיין,שני קוני למל
מייקל לואיס,"הקרמבויז, ראש גדול"
מיכאיל קוזקוב,"All the King's Men, And I'm with you again..., Boris Godoenov, Day of Sun and Rain, December 20, Demidovs, Four Hands Dinner, Gosudarstvennaya granitsa: Mirnoe leto 21-go goda..., Goya or the Hard Way to Enlightenment, Guard Me, My Talisman, Hard Happiness, Hello, I'm Your Aunt!, Lovey 2 Dovey, Lovey-Dovey, Lovey-Dovey 3, Mister Designer, Murder on Dante Street, Nameless Star, Q16272250, Q25394727, Q4126067, Q4170939, Q4172865, Q4229505, Q4315711, Q4424392, Q4514913, Q86678680, Sindikat-2, The Fatal Eggs, The Red and the White, The Road to Calvary, האדם האמפיבי, רב-אמן"
מיכאל אלוני,"אין בתולות בקריות, בשבילה גיבורים עפים, היינו בני המזל, המזח, השוטר, השמיניה, ואז היא הגיעה, למראית עין, מלכת היופי של ירושלים, עלטה, פמת""א, רוח צפונית (סדרת טלוויזיה), שטיסל, תוכנית א'"
מיכאל גור,"A guṭn Purim malekh, אחרי הנפילה, דון ז'ואן, מורדי האור, רק בלירה"
מיכאל דגן,"21 שעות במינכן, A Noble Radiance, A Question of Belief, A Sea of Troubles, About Face, Acqua alta – aka Death in High Water, At Night In The Park, Auto Fritze, Beastly Things, Blood from a Stone, By its Cover, Death at La Fenice, Death in a Strange Country, Die Bombe, Die Kolonie, Die Zukunft hat Geburtstag – 100 Jahre Automobil, Doctored Evidence, Dr. M, Drawing Conclusions, Ein Weg in die Freiheit, Emilia Galotti, Falling in Love, Fatal Remedies, Friends in High Places, Game, Set and Match, Kein Garten Eden, Leo & Claire, Lost in Siberia, Manila, Prozente, Q107532639, Q114419668, Q114598464, Q1740872, Q66310344, Q93696204, Suffer the Little Children, Supermarket, Tatort: Das Mädchen am Klavier, Tatort: Die Sache Baryschna, Tatort: Rosen für Nadja, Tatort: Satisfaktion, Tatort: Viktualienmarkt, The Anonymous Venetian, The Buddenbrooks, The Death of Faith – aka Quietly in Their Sleep, The Frog Prince, The Girl of His Dreams, The Golden Egg, The last supper, Through a Glass, Darkly, Uniform Justice, Vendetta, Via Genua, Wilful Behaviour, באבי יאר, חנה ארנדט, מעבר לטוב ולרוע"
מיכאל הנגבי,"אהבה קולומביאנית, בובות (טלנובלה), ד""ר פומרנץ, חתולים על סירת פדלים, עד כאן!"
מיכאל וייגל,"האושפיזין, למלא את החלל"
מיכאל ורשביאק,"איזה מקום נפלא, אלף, חמש שעות מפריז, מאיה, מינכן, מסע אלונקות, מתנה משמיים, עץ לימון"
מיכאל כורש,"אוונטי פופולו, הבעל הנצחי, היפוליטוס, מיתה טובה, סרק סרק"
מיכאל מושונוב,"NO אקזיט, Q113362730, איים אבודים, אמריקה, בנא, דאוס, השוטר, השחף, חומוס FULL טריילר, חסר מנוחה, חתולים על סירת פדלים, חתונה מאוחרת, לבנון, מבול, סוף שבוע בתל אביב, ערבים רוקדים - זהות שאולה, קטמנדו, רימון הזהב, תהילים"
מיכאל רוז'צקי,איזה מקום נפלא
מיכאלה אלקין,יומני החופש הגדול
מיכאלה ברקו,דרקולה
מיכאלה עשת,"מדורת השבט, מעל הגבעה"
מיכה אוזין סליאן,סוף העולם שמאלה
מיכה סלקטר,"אחים, אין שמות על הדלתות, הגרעין הקשה, ההסדר, העולם מצחיק"
מיכל אמדורסקי,ריקוד מסוכן
מיכל בת-אדם,"Hanna K., אבו אל בנאת, אני אוהב אותך רוזה, הבית ברחוב שלוש, כל החיים לפניו, עתליה, רגעים"
מיכל גבריאלוב,"האלופה, הדילרים, הקרמבויז"
מיכל הקטנה,השכונה של הופ!
מיכל זוארץ,"המוסד, זכרון דברים"
מיכל ינאי,"Mega Snake, Pink Subaru, The Sixteenth Lamb, When Nietzsche Wept, עולמו המופלא של אוגוסטוס אגדתי, פולמון, קצפת (תוכנית טלוויזיה)"
מיכל לוי,נעלמים
מיכל צפיר,PPS
מיכל קפטה,לחיי האהבה
מיכל שטמלר,"בית לחם, מעשייה אורבנית"
מילי אביטל,"After the Storm, Animals with the Tollkeeper, Invasion of Privacy, Jerusalemski Sindrom, Polish Wedding, The End of Violence, The Human Stain, The Young Girl and the Monsoon, When Do We Eat?, אהבה קולומביאנית, איש מת, חטופים, מיני-סדרה, נודל, נופלות על הרגליים, נשיקה בין חברים, סטארגייט"
מילי עשת,"המקעקע מאושוויץ, כיסופים"
מיקה אלמוג,איש חשוב מאוד
מיקי בוגנים,הבועה
מיקי גבע,"האי, רק בישראל"
מיקי לאון,"אדם בן כלב, אנה, הסוסיתא של הרצל, חטופים, לא רואים עליך, מטומטמת, מלח הארץ, תאג""ד"
מיקי פלג רוטשטיין,"אנטיגונה, המלך ליר"
מיקי קם,"101 כלבים דלמטים, בובות (טלנובלה), בלוז לחופש הגדול, גבעת חלפון אינה עונה, גיבורים קטנים, הבועה, הולכת שבעה, לילסדה, סאבלט, סרט וארוחת בוקר"
מירב אברהמי,מיס אנטבה
מירב גרובר,"בטיפול, רחל מאופקים"
מירב גרי,האורסטיאה
מירב פלדמן,"החברים של נאור, נבסו"
מירב שירום,בלקספייס
מירה עווד,"God's Stories, הבועה, להישאר בחיים, מפריח היונים, עבודה ערבית"
מירי אלוני,קיבוצניקים
מירי בוהדנה,"אהבה מעבר לפינה, בובות (טלנובלה), זיגי"
מירי מסיקה,"אביבה אהובתי, שלוש אמהות"
מירי נבו,עם סגולה
מישא אשרוב,"אגדת הנהר, אותלו, אמא קוראז' וילדיה, העלמה יוליה, מי מפחד מווירג'יניה וולף, שניים עשר המושבעים, שש נפשות מחפשות מחבר"
מכרם ח'ורי,"Boy from Heaven, Complicit, Desert Dancer, Djihad, Gaza, God's Stories, Italians, Medina, Memorial Day, Mr. Frost, NSF Thurmont, No Name Restaurant, Tale of the Three Jewels, The Birnam Wood, The Body, The Cut, The Patriots, The Physician, Third-Day Story, Wedding in Galilee, אזור חופשי, ארץ פצועה, הבית של סדאם, הירושה, הכלה הסורית, המנגליסטים, המתקפה, חיוך הגדי, טעם התפוחים אדום, כרמל, להב חצוי, לילה בחיפה, מחילות, מינכן, מיראל, מפריח היונים, עכביש ברשת, עץ לימון, עתלית, פתח תקוה (סרט)"
מלאני פרס,"הכלה הסורית, טלנובלה בע""מ"
מלי לוי-גרשון,"NO אקזיט, החברים של נאור, התאבדות, מלכת היופי של ירושלים, עיר מקלט, עממיות"
מנדי כהאן,The Murer Case
מנואל אלקסלסי (ורדי),נעלמים
מנחם גולן,"Cannes Man, King Lear, זכרון דברים, ריקוד מסוכן"
מנחם גנסין,רוחות
מנחם זילברמן,גבעת חלפון אינה עונה
מנחם עיני,"זהר, חמש חמש"
מני פאר,"זהר, ילדות רעות"
מנשה ורשבסקי,לחיות ולצחוק
מנשה נוי,"Made in Israel, אהבה קולומביאנית, איגור ומסע העגורים, איש החשמל, גט - המשפט של ויויאן אמסלם, הזמן שנותר: כרוניקה של נוכח נפקד, המופע של בני זינגר, השוטר, התערבות אלוהית, חולה אהבה בשיכון ג', חומוס FULL טריילר, טהרן, ילדות סכסכניות, כידון, מי מפחד מהזאב הרע, מפריח היונים, קלרה הקדושה, שנת אפס"
מסקי שיברו,"נבסו, תחיה ותהיה"
מעיין אלוני,כאן גרים בכיף
מעיין בלום,"היהודים באים, ילדות סכסכניות"
מעיין תורג'מן,הרחק מהיעדרו
מעין קרת,מבחן החלב
מקס אולארצ'יק,"אדומות, פיק אפ"
מקס מוריסו,אוי! אני מאוהב
מקסים ליאונידוב,"Ah, those stars!, How to become a star, The Drayman and the King, ויסוצקי. תודה שאני חי"
מרגלית סטנדר,אחרי הנפילה
מריאנו אידלמן,"אהבה קולומביאנית, ארץ נהדרת, הפרלמנט, זוהי סדום, סוף העולם שמאלה, עבודה ערבית"
מרים אבו חאלד,ג'נקשן 48
מרים אורית,Der ṭaṭe bin ikh
מרים ברנשטיין-כהן,"בגלל חגורה, הדה גבלר"
מרים גבריאלי,"שחור, שמיכה חשמלית ושמה משה"
מרים זוהר,"אגדת הנהר, אמא קוראז' וילדיה, האורסטיאה, מי מפחד מווירג'יניה וולף, פסטיבל שלום עליכם"
מרינה שויף,"אהבה קולומביאנית, איזה מקום נפלא, עוד אני הולך"
משה איבגי,"אהבה גנובה, אולטימאטום, אחותי היפה, אצבע אלוהים, בגין, גמר גביע, הבורר, הדמעות של אמסלם, המשורר, הנוער, העולם מצחיק, הקרב על הוועד, השוטר הטוב, וביום השלישי, זגורי אימפריה, זמן אוויר, חובו של אהרון כהן, חולה אהבה בשיכון ג', חסר מנוחה, יום יום, לצוד פילים, מדורת השבט, מינכן, מלחמת 90 הדקות, מנתק המים, מקס ומוריס, מתחת לאף, נקמתו של איציק פינקלשטיין, סוף המשחק, סיפורי בית קפה, ספרטן, שבעה, שורו"
משה איש כסית,"גבעת חלפון אינה עונה, הטוב, הרע והלא נורא"
משה אשכנזי,"אפס ביחסי אנוש, בעלת החלומות, בשבילה גיבורים עפים, הדילרים, העולם מצחיק, מטומטמת"
משה דץ,101 כלבים דלמטים
משה חורגל,דון ז'ואן
משה סולו,"A ṭog in ir lebn, Der ḳibitser (April 27, 1967), Geshosn un getrofn, אלהים, אדם ושטן, יש ליהודי ארצונת!..."
משה פרסטר,"אפטר, האיש שרצה לדעת הכל (סדרת טלוויזיה), שורו"
משי קלינשטיין,תמונת הניצחון
מתי אטלס,"בת השוטר, החצר, עיניים פקוחות, רימון הזהב"
מתי סרי,"בלדה לאביב הבוכה, חמש חמש, רימון הזהב, רק כלבים רצים חופשי"
מתן פרמינגר,החיים בינתיים
מתן שביט,נעלמים
נאוה שאן,אמא קוראז' וילדיה
נאור ציון,החברים של נאור
נאיה פדרמן,ג'סטה
נבו קמחי,"בוקר טוב אדון פידלמן, חטופים, ראש גדול"
נגה ארז,"פמת""א"
נגה ד'אנג'לי,"פלמ""ח"
נדב אבקסיס,סוף העולם שמאלה
נדב לפיד,"Madeleine Collins, Room 999"
נדב נייטס,"ביום שהאדמה רעדה, בשבילה גיבורים עפים, הבועה, החוב, מטומטמת"
נוה צור,"גאליס, גאליס - קונקט, עקרון ההחלפה, שישו ושמחו (סדרת טלוויזיה), שניצל"
נויה מנדל,שחר
נולי עומר,"חיי אהבה, סיפורי תל אביב"
נועה אסטנג'לוב,"המפקדת, מיוחדת"
נועה ברקאי,"NO אקזיט, הבועה, מבול"
נועה גולדברג,בלוז לחופש הגדול
נועה כרמי,חמדה (סרט)
נועה לזר קינן,עג'מי
נועה קולר,"אנטילופות, בית בגליל, דיבוקים, המנצח, חזרות, להעיר את הדב, מעשייה אורבנית, קופה ראשית"
נועה קירל,"כמעט מפורסמת, שלטון הצללים"
נועה רבן,מדוזות
נועה תשבי,שחר
נועם לוגסי,"בתולות, המפקדת, הרמון, נעלמים"
נורה ברג,"A ṿilde moyd, Geshosn un getrofn"
נורית כהן,החיים זה לא הכל
נורמן עיסא,"אנה ערביה, הבריחה מערב הסעודית, הכלה הסורית, המלך ליר, מטומטמת, מלחמת 90 הדקות, עבודה ערבית, ערבים רוקדים - זהות שאולה"
נחום בוכמן,"אותלו, אמא קוראז' וילדיה, דודה ליזה, הרוצחים הקטנים, כל אדם והאמת שלו, מלחמה ושלום, מסע לנינוה, מקבת"
נטלי עטיה,"אודם, אמור, יום יום, ימים של אהבה, שלוש אמהות"
נטלי פורטמן,"Alien Lover, Bronco Belle, Bunny, Developing, Domino One, First Lady, Fountain of Youth, I'm Still Here, Milos Forman – What Doesn’t Kill You, Nickelodeon Kids Choice Awards Orange Carpet, Revolutionary War, Stranger Things 3, The Concert for New York City, The Pulitzer at 100, The Smoker, The Weathered Underground, אביר הגביעים, אוהב אותך, ניו יורק, אוהב אותך, פריז, אזור חופשי, אחים, בחורות יפות, בכל מקום אחר, ברבור שחור, ג'קי, גארדן סטייט, האישה האחרת, הוד מעלתך, היט, הנוקמים: סוף המשחק, העולם שאחרי: הכחדה, הפלישה ממאדים, הצצה ליחסים, הרוחות של גויה, ווקס לוקס, ונדטה, זולנדר, זרוק, חייו ומותו של ג'ון פ. דונובן, חנות הפלאים, טרילוגיית סרטי ההקדם מלחמת הכוכבים, כולם אומרים אני אוהב אותך, לאון, לג'יין יש אקדח, לוסי בשמיים, לילות בלוברי, מלון שבלייה, מלחמת הכוכבים - פרק 1: אימת הפנטום, מלחמת הכוכבים - פרק 2: מתקפת המשובטים, מלחמת הכוכבים - פרק 3: נקמת הסית', מפתח הלב, משיר לשיר, נערת בולין האחרת, סיפור על אהבה וחושך, פלנטריום, קולד מאונטן, קרוב יותר, קשר לא מחייב, רכבת לדארג'ילינג, תור, תור: אהבה ורעם, תור: העולם האפל"
נטע בר רפאל,אליס
נטע גרטי,"בת השוטר, הבורר, החוב, חיי אהבה, סוף העולם שמאלה, עממיות, פאודה, רק כלבים רצים חופשי"
נטע הבר,"לגעת באושר, ראש גדול"
נטע מורן,"החולמים, המוסד, למלא את החלל"
נטע סובול,צמות
נטע פורת,"פעם הייתי, תמרות עשן"
נטע רוט,תמונת הניצחון
נטע ריסקין,"Anywhere Else, איסט סייד, איש חשוב מאוד, געגוע, האיש שרצה לדעת הכל (סדרת טלוויזיה), שטיסל"
נטע שפיגלמן,"בית בגליל, הרמון, מונטנה (סרט, 2017), מנפאואר"
נטשה ליון,"#Horror, 4:44 Last Day on Earth, Adam Green's Aladdin, Addicted to Fresno, All About Evil, Comic Book Villains, Detroit Rock City, G.B.F., Girl Most Likely, Goyband, Heartburn, Hello, My Name Is Doris, His Three Daughters, Honey Boy, Klara and the Sun, Krippendorf's Tribe, Madhouse, Meadowland, Modern Vampires, My Suicidal Sweetheart, Night Club, Night at the Golden Eagle, Plan B, Slums of Beverly Hills, The Intervention, The United States vs. Billie Holiday, אחד באפריל, אמריקן פאי, אמריקן פאי 2, אמריקן פאי: האיחוד, בובה רוסית, בלייד: טריניטי, דני שובבני, האזור האפור, הבחורה החדשה, הזויים, העשב של השכן, זיגזג, יהלום לא מלוטש, יוגה הוזרז, יחידה במינה, כולם אומרים אני אוהב אותך, כתום זה השחור החדש, לשכב עם אחרים, מילה של כלב, מנהיג בהזמנה, מת לצעוק 2, פארטי מונסטר, פוקר פייס (סדרת טלוויזיה), קייט ולאופולד, רצח כתוב היטב: תעלומה יוונית"
ניב מג'ר,על הספקטרום
ניב סולטן,"That Dirty Black Bag, טהרן, ילדות סכסכניות, ים המוות (סדרת טלוויזיה), יש לה את זה, כמעט מפורסמת"
ניב רז,ריקוד מסוכן
ניבר מדר,קורדרוי (סדרת טלוויזיה)
נילי רוגל,בשבילה גיבורים עפים
נינה קוטלר,"המנצח, עוד אני הולך, פמת""א"
נינט טייב,"בשבילה גיבורים עפים, השיר שלנו, זגורי אימפריה, קירות"
ניסים עזיקרי,"אויב העם, אותלו, האורסטיאה, מסע לנינוה"
ניסן נתיב,אילי ובן
ניצה שאול,"גבעת חלפון אינה עונה, פלאש"
ניצן לברטובסקי,"קטמנדו, שש פעמים"
ניקו ניתאי,"Hellbound, שבע פעמים ביום"
ניר פרידמן,ילדות רעות
ניר שטראוס,על הספקטרום
נירה רבינוביץ',"בנות, הבועה, פיתוי, פסטיבל שלום עליכם"
נירו לוי,"אהבה קולומביאנית, בלדה לאביב הבוכה, החברים של יאנה, ימים של אהבה, כיכר החלומות, מיכאלה"
נלי תגר,"אני לא מאמין, אני רובוט?!, אפס ביחסי אנוש, בשורות טובות, עספור"
נמרוד נימו הוכנברג,"מדינת הגמדים, מקוללים"
נמרוד רשף,"The Sixteenth Lamb, אני אוהב אותך בואי ניפרד, כובע קסמים, עולמו המופלא של אוגוסטוס אגדתי"
נסים זוהר,"חולה אהבה בשיכון ג', שירת הסירנה"
נסרין פאעור,"Amreeka, עיני גנב"
נעה בירון,"מונטנה (סרט, 2017), ערבים רוקדים - זהות שאולה"
נעה פרידמן,מעשייה אורבנית
נעם פרנק,דן ומוזלי
נעמה אמית,מי זאת? (תוכנית טלוויזיה)
נעמה שטרית,העולם מצחיק
נעמה שנדר,קרוב לבית
נעמי בלומנטל,אבו אל בנאת
נעמי לבוב,"בלאדי מורי, מטומטמת, על הספקטרום"
נעמי פולני,"איולף הקטן, מישהו לרוץ איתו"
נפתלי אלטר,"בנות, גבעת חלפון אינה עונה"
נצנת מקונן,בת השוטר
נתי קלוגר,"כאן גרים בכיף, מי מפחד מהזאב הרע"
נתן דטנר,"רחוב סומסום, שישו ושמחו (סדרת טלוויזיה), שרמן בחורף"
נתן הכט,"Der dibeḳ, האט א ייד א וויבעלע, הדוד אמריקה"
נתן וולפוביץ',"A nakhṭ in Riyo, A ḥos̀n miṭ nadn!, Der dibeḳ, Der dzshaz zinger, Der ḳibitser (July 27, 1967), Der ṭaṭe bin ikh, Dos groyse  geṿins, Geshosn un getrofn, האחים אשכנזי, חג שמח"
נתן זהבי,שורו
נתן כוגן,"Stormy Weather, The Rashevski Tango, Those Who Love Me Can Take the Train, אבן על כל מיל, בלומפילד, פיצוץ בחצות"
נתן נתנזון,חיי אהבה
נתן רביץ,"אביבה אהובתי, הבוגד הקטן, הזמן שנותר: כרוניקה של נוכח נפקד, המלך ליר, הרפתקה בשחקים, לחיי האהבה, מיכאלה, מלח הארץ, סוף העולם שמאלה, עיר מקלט, פלמ""ח, פעמיים בוסקילה"
סאלח בכרי,"Costa Brava, Lebanon, Giraffada, God's Stories, Laila's Birthday, My Zoe, Salvo, The Teacher, Wajib, When I Saw You, ביקור התזמורת, הזמן שנותר: כרוניקה של נוכח נפקד, הקפטן הכחול, מים ואהבה, מלח הימה (ש.ל.ר)"
סאמר בישאראת,Behind the Mountains
סבטלנה נרבאייבה,"Legend of Rustam, Provintsialnyi roman, Q127269133, Q4101642, Q51309535, Rustam and Suhrab, The first passengers"
סבי דור,"Blaue Rose, Carlos, Das Piräus-Abenteuer, Die Kälte des Lebens, Ein seltsamer Ehrenmann, Judith, Marienhof, Q262866, Q96146883, School Girl Bride, Tatort: Armer Nanosh, The Fruit is Ripe"
"סגלי, שמעון",Der ṭaṭe bin ikh
סוהיל חדאד,"אוונטי פופולו, גמר גביע, המתופפת הקטנה, טעם התפוחים אדום"
סוול אריאל אור,כיסופים
סופי צדקה,"לחיי האהבה, פים פם פה - בארמון הקסמים"
סטיב בונד,"Cat Murkil and the Silks, Magdalene, Massacre at Central High, Picasso Trigger, Tarzan and the Jungle Boy, The Prey, To Die For"
סיגלית פוקס,"אילי ובן, הדרך לאן, מוכרחים להיות שמח, על הספקטרום"
סיגלית תמיר,"אור, אילי ובן"
סיון לוי,"Inch'Allah, בתי אהובתי, ג'ו + בל, לא רואים עליך, שש פעמים"
סיון נועם שמעון,ברש
סיון קרצ'נר,The Reports on Sarah and Saleem
סיני פתר,"No Name Restaurant, ביום שהאדמה רעדה, החולמים, וביום השלישי, שורו"
סירק מ. סבהט,תחיה ותהיה
סכנדר קובטי,עג'מי
סלבה ביברגל,איש חשוב מאוד
סמדי וולפמן,"Anything for Her, Cavalcade, Glenn, the Flying Robot, Je veux tout, Le clone, My Tree, Petits désordres amoureux, Saviors in the Night, The Great Role, Vive la vie, בקבוק בים של עזה, פלייאוף"
סמדר ברנר,הלהקה
סמדר יערון,"מישהו לרוץ איתו, עץ לימון, שנת אפס"
סמדר סייר,קרוב לבית
סמדר קילצ'ינסקי,"בר 51, דיסטורשן, החיים על פי אגפא, חסמבה ושודדי הסוסים, עקרון ההחלפה"
סמי הורי,"אהבה מעבר לפינה, בעל בעל לב, הנפילים, מבחן החלב, סודות המסדר, צומת וולקן, קדוש"
סמי מולכו,אגדת שלושה וארבעה
סמי סמיר,"Chain of Command, God's Stories, The Body, אגורא, גוף השקרים, גמר גביע, מינכן, סיפור לידתו של ישו"
סנדי בר,"הפורצת, חטופים, כובע קסמים, קדמה"
סנדרה שדה,"האופה מברלין, הדברים שמאחורי השמש, זיגי, למראית עין, מעשייה אורבנית, סברי מרנן"
סער בדישי,צעירים לנצח
ספי ריבלין,"אחד באפריל, גינת הפלאים של רינת, השיגעון הגדול, חסמבה ושודדי הסוסים"
ספיר דרמון,ראש גדול
סשה אבשלום אגרונוב,הבודדים
סשה רויז,"16 רחובות, Across the River to Motor City, Extracted, NCIS, איש השנה, ארץ המתים, גרים, האוס, היום שאחרי מחר, פומפיי, קאסל, קפריקה, שקר לי"
סתיו סטרשקו,"Birds of Paradise, הנשף, שבלולים בגשם"
עבדאללה עקל,"David & Kamal, הדילרים, המתקפה (ש.ל.ר), זרים, לבנון, להישאר בחיים, מיראל, רוק בקסבה, תמונת הניצחון"
עדה בן-נחום,בלוז לחופש הגדול
עדה טל,"חתונת פיגארו, כל אדם והאמת שלו, מסע לנינוה"
עדו גולדברג,"A Little Trip to Heaven, Christopher and His Kind, Fear, I Could Never Be Your Woman, Jesus, L'Auberge espagnole, NCIS, Red Faced, Run Fatboy Run, Safe Conduct, Salem, Suzie Gold, The Time of Two Engines, The Tournament, Tut, אנון, אשתו של שומר גן החיות, גאון, התנגדות, התקוממות, וידוייה הסודיים של זונת צמרת, כנופיית ברמינגהאם, ליבה האמיץ של אירנה סנדלר, רכבת הקרח"
עדי אלון,"חמדה (סרט), מטומטמת, מנגן ושר, נעלמים"
עדי ארד,101 כלבים דלמטים
עדי אשכנזי,"לבד בבית, מה זה השטויות האלה?!"
עדי בילסקי,The Veteran
עדי הימלבלוי,"דאוס, האלופה, המוסד, השמיניה, פמת""א"
עדי חבשוש,בקרוב אצלי
עדי עזרוני,"Djihad, The Sixteenth Lamb, חטופים, כובע קסמים"
עדן מאירי,זיגי
עדנה בליליוס,"אבירם כץ, מלח הימה (ש.ל.ר)"
עדנה פלידל,"בלוז לחופש הגדול, האסיסטנט של אלוהים"
עודד לאופולד,"15 שנה, ביום שהאדמה רעדה, הבועה, נמס בגשם"
עודד מנסטר,"החצר, לגעת באושר, קבלו אותי, רימון הזהב"
עודד מנשה,"The Sixteenth Lamb, כובע קסמים, ספר שחור, עולמו המופלא של אוגוסטוס אגדתי"
עודד פהר,"24: מורשת, Batman Unlimited: Mech vs. Mutants, Bread and Roses, Cleopatra, Coming Home, Deuce Bigalow: European Gigolo, Dreamer, Drool, Inescapable, La cocina, NCIS, Presidio Med, Scavengers, Su'Kal, Super Hybrid, Terra Firma, Part I, Terra Firma, Part II, Texas Rangers, That Hope Is You, Part 2, The Betrayed, The Sanctuary, There Is a Tide..., UC: Undercover, Unification III, בשבילה גיבורים עפים, דם ואוצרות, האויב שבפנים: אפוקליפסה, האויב שבפנים: הגמול, האויב שבפנים: הפרק האחרון, האויב שבפנים: השמדה, הג'יגולו מת מצחוק, המדריך לרוצח, המומיה, המומיה חוזרת, המשימה הראשונה, וי, מיני-סדרה, עד עצם היום הזה, פרשיות סמויות, קוונטיקו, תא רדום"
עודד קוטלר,"אחרי הנפילה, דון ז'ואן, חסמבה דור 3, מורדי האור, מיכאל שלי, משפחת שמחון, קשר האורניום, שלושה ימים וילד"
עודד תאומי,תמרות עשן
עוז זהבי,"Bordering On Bad Behavior, בת השוטר, האי, הסיפור של יוסי, זגורי אימפריה, יש לה את זה, מיראל, עספור, תוכנית א'"
עולא טברי,"My Favourite Fabric, הירושה, מינכן"
עומר ברנע,"ג'ון וויק, ילדות רעות, מחילות, מלח ים, ריקוד מסוכן"
עומר גולדמן,"שכויה, שלטון הצללים"
עומר דרור,"גאליס, כמעט מפורסמת"
עומר חזן,"בעלת החלומות, זיגי, פלמ""ח"
עומר מושקוביץ,תמונת הניצחון
עומר נודלמן,בעלת החלומות
עומר פרלמן,"The Swimmer, שבאבניקים, שעת נעילה"
עופר בן שבת,עלילות ארץ גושן
עופר רגירר,אנטרקטיקה
עזרא דגן,"בנו של האחר, האסיסטנט של אלוהים, המתקפה (ש.ל.ר), ילדי סטלין, לצוד פילים, רשימת שינדלר"
עזרא כפרי,"בסמה מוצ'ו, החיים על פי אגפא, המוסד, שורו, שנת אפס"
עזריה רפופורט,"אמא קוראז' וילדיה, גבעה 24 אינה עונה, זכרון דברים"
עידו ברטל,"בני מצווה, בתי אהובתי, העולם מצחיק"
עידו טאקו,Mary
עידו מוסרי,"Gangsterdam, את מה-זה לא מוזמנת לבת מצווה שלי"
עידו רוזנבלום,החדש של עומרי גורדון
עידו רוזנברג,אנטיגונה
עידית טפרסון,"מיתה טובה, סיפורי תל אביב"
עידית צור,"אדמה משוגעת, קשר הדבש"
עידן אלתרמן,"אדם בן כלב, דן ומוזלי, ההסדר, החיים זה לא הכל, מר באום, שמיכה חשמלית ושמה משה"
עידן עמדי,"כביש הסרגל (סרט), פאודה"
עימאד ג'בארין,"ביקור התזמורת, הכלה הסורית, ללכת על המים"
עינב גלילי,משחק מכור
עינת ברנובסקי,מלאכיות בלבן
עינת הולנד,האיש שרצה לדעת הכל (סדרת טלוויזיה)
עינת ויצמן,אהבה קולומביאנית
עינת שרוף,"ויקי ואני, עץ לימון"
עירד רובינשטיין,שלטון הצללים
עירית גדרון,בית בגליל
עירית נתן בנדק,"אלף, כלת הים, מעשייה אורבנית"
עירית פרנק,"בחינת בגרות, בנות, החיים על פי אגפא, שמיכה חשמלית ושמה משה"
עירית קפלן,"האיש שרצה לדעת הכל (סדרת טלוויזיה), העולם מצחיק, חתונה עם סבתא, לב שקט מאוד, מלכת היופי של ירושלים, סיפור גדול"
עירית שילה,אהבה קולומביאנית
עירית שלג,"Q113362730, Tobe Hooper's Night Terrors, בר 51, בתולות, טרופיקנה (סרט), למלא את החלל, נישואין פיקטיביים"
עלא דקה,"אבירם כץ, הבן דוד, סבוי, פמת""א, תמונת הניצחון"
עליזה גור,"Tarzan and the Jungle Boy, מרוסיה באהבה"
עליזה חנוביץ',חאנשי
עליזה עזיקרי,Geshosn un getrofn
עליזה רוזן,"כאן גרים בכיף, מבצע חמניה, מיתה טובה"
עלית קרייז,וביום השלישי
עלמה זק,"ארץ נהדרת, בטיפול, הסודות, הערת שוליים, זוהי סדום, עולה לראש, פלפלים צהובים"
עמוס אריכא,באין מולדת
עמוס גיתאי,"התנתקות, זכרון דברים"
עמוס לביא,"בנות, גרין, דיסטורשן, האישה באפור, הארץ המובטחת, הבריחה מערב הסעודית, החולמים, החצר, המונה דופק, ימים של אהבה, כרמל, מינכן, מלך של קבצנים, מעורב ירושלמי, מפטיר, משחק חייו, סרק סרק, עוד אני הולך, עלילה, עץ לימון, פלאש, קשר דם, רגליים קרות, ריקוד מסוכן, שאכטה, שבזי, שושלת שוורץ, שחור"
עמוס מוקדי,"סבינה והגברים, צלילה חוזרה"
עמוס קולק,"להב חצוי, מניו יורק באהבה"
עמוס שוב,מדוזות
עמוס תמם,"אזהרת מסע, אחת אפס אפס, גיבורים קטנים, כידון, מָנָאיֶיכּ, סרוגים, עספור, עץ לימון, שלוש אמהות"
עמי אנידג'ר,"הקרמבויז, עם סגולה"
עמי ויינברג,"במקום חלום, האב, וביום השלישי, חוטא, מי מפחד מהזאב הרע, מינכן, מיראל, מעשייה אורבנית, נמס בגשם, עשו"
עמי טראוב,"האורסטיאה, צלילה חוזרה"
עמי סמולרצ'יק,"כידון, פתיחה 1812"
עמירם גבריאל,זהר
עמית אולמן,העיר הזאת
עמית בחובר,בית ספר לשטויות
עמית ליאור,"בשר תותחים, עפולה אקספרס"
עמית מורשת,תמונת הניצחון
עמית פרקש,"חצויה, כמעט מפורסמת"
עמית רהב,"אל מעבר האוקיינוס, היינו בני המזל"
עמנואל הלפרין,מבצע חמניה
עמנואל רוזן,עם סגולה
עמרי לוקאס,"אחרי הצלצול (סדרת טלוויזיה ישראלית), גאליס"
ענבר לביא,"Fillion Bollar King, Is a Shark Good or Bad?, My So-called Wife, Phase Two Sucks, Street Kings 2: Motor City, Tales of an Ancient Empire, The World Needs Heroes. Over., לוציפר, מתחזים, צייד המכשפות האחרון"
ענת ברזילי,"הכתובה, הרמון"
ענת וקסמן,"בננות, החיים זה לא הכל, לילסדה, נודל, סיפורי תל אביב"
ענת מגן-שבו,"אחד העם 1, אחד העם 101, יונייטד היי"
ענת עצמון,"אהבה גנובה, אמור, אסקימו לימון, המונה דופק, להב חצוי, עקרון ההחלפה"
ענת צחור,סיפורי תל אביב
ענת קלאוזנר,הבוגד הקטן
עפר שכטר,"NO אקזיט, איים אבודים, בננות, גאליס - קונקט, האלופה, הבוגד הקטן, הלהקה האחרונה בלבנון, טלנובלה בע""מ, מתים לרגע, פובידיליה"
עפרה ויינגרטן,"לרקוד, נישואין פיקטיביים"
עפרה חזה,"Ankh, נערת הפרברים, צדק מוחלט"
ערן איוניר,"איזה מקום נפלא, כל שבת שנייה, עץ לימון, שש פעמים"
ערן זרחוביץ',"ארץ נהדרת, גן קופים, הפרלמנט, מסודרים, עולה לראש"
ערן קולירין,אבירם כץ
פאולינה מאורר,"Der dzshaz zinger, Dos groyse  geṿins, אוי! אני מאוהב, האחים אשכנזי"
פאני לוביץ',רוחות
פואד חבש,עג'מי
פול ל. סמית',"21 שעות במינכן, Carambola!, Carambola's Philosophy: In the Right Pocket, Convoy Buddies, Crimewave, Desert Kickboxer, Eye of the Widow, Gor, Jungle Warriors, Madron, Mr. Terrific, Pieces, Sonny Boy, Ten Little Indians, Terminal Entry, The Diamond Peddlers, The In-Laws, The Protector, The Salamander, We Are No Angels, אקסודוס, אקספרס של חצות, חולית, ירח דבש מכושף, מבצע שטריימל, מווריק, מצדה, משה, סוניה האדומה, פופאיי, פורשים בסטייל"
פולי רשף,"חומוס FULL טריילר, כידון, מרס תורכי, קמטי צחוק"
פיטר פריי,"Neighbours, המלך דוד"
פיני טבגר,"אדמה משוגעת, איים אבודים, בחצר של פופיק, חנה ארנדט, יותר איטי מלב, עתלית"
פיני קידרון,עפולה אקספרס
פיראס נסאר,Q79468240
פירה קנטר,"אהבה קולומביאנית, חתה יסבח סבח, לב שקט מאוד, סרק סרק"
פלורנס בלוך,אבנים
פנינה רוזנבלום,אקדח האלוהים
פסח בר אדון,צבר
פסח גוטמרק,"Mayn mame der general (Performance), אלהים, אדם ושטן"
צ'רלי בוזגלו,שירת הסירנה
צבי שיסל,לול
צביקה הדר,"Kokhav Nolad 6, Kokhav Nolad 7, Kokhav Nolad 9, כוכב נולד 10, כוכב נולד 5, כוכב נולד 8, לצוד פילים, עם סגולה, עפולה אקספרס"
צביקה פורמן,Seven in Heaven
צביקה פיק,בדרנית בחצות
צדי צרפתי,אחרי הנפילה
צופית גרנט,"אפטר, בעלת החלומות, ד""ר פומרנץ, דיסטורשן, מבצע חמניה, סדקים"
צחי גראד,"Made in Israel, אולטימאטום, אורחים לרגע, אילי ובן, אני לא מאמין, אני רובוט?!, דיבוקים, הבודדים, הבלתי רשמיים, הבן דוד, הדילרים, הרחק מהיעדרו, חסר מנוחה, מבול, מדוזות, מי מפחד מהזאב הרע, מישהו לרוץ איתו, מלח הארץ, מרס תורכי, סיפורי בית קפה, עיניים פקוחות, ציון ואחיו, קטמנדו, תמרות עשן"
צחי הלוי,"Jaque mate, אתי אלון - האישה שגנבה 250 מיליון, ביום שהאדמה רעדה, בית בגליל, בית לחם, בתולות, המוסד, המילים הטובות, השוטרים, לילה בחיפה, לכודה, מריה מגדלנה, פאודה, פמת""א"
צחי כהן,"David & Kamal, Djihad, Essential Killing, Gaza, Speed Racer: Race to the Future, הבוגד הקטן, חיי אהבה"
צחי נוי,"Die unglaublichen Abenteuer des Guru Jakob, Popcorn and Ice Cream, Q47303942, Starke Zeiten, אסקימו לימון, בלוז לקיץ, הבוגד הקטן, המונה דופק, הקוסם מלובלין, יוצאים קבוע, ימים של אהבה, מפטיר, סבבה, פלאי קלעים, רומן זעיר, שפשוף נעים"
ציון ברוך,"אביבה אהובתי, גיבורים קטנים, הבועה, הבורר, הישראלים, הללויה, זוהי סדום, לשחרר את שולי, עם סגולה, רגליים קרות"
ציפי מור,בנות
ציפי שביט,"101 כלבים דלמטים, אחד באפריל, חסמבה דור 3"
צפרירה ירוני,חג שמח
צק ברקמן,"היה או לא היה, שרמן בחורף"
קאיפו כהן,הקיץ של אביה
קובי אריאלי,נבסו
קובי דורון,איש חשוב מאוד
קובי מאור,"הדילרים, ילדות רעות, כאן גרים בכיף, מטומטמת"
קובי מימון,זגורי אימפריה
קובי פרג',"חצויה, פעם הייתי, קריוקי, תאג""ד"
קובי שטמברג,המשגיחים
קווין רובין,זיגי
קונסטנטין אנטול,הדברים שמאחורי השמש
קייס נאשף,"Limbo, Though I Know the River Is Dry, אלנבי רומאנס, גוף השקרים, גן עדן עכשיו, התפוררות, מי מפחד מהזאב הרע, סיפור לידתו של ישו, ערבים רוקדים - זהות שאולה, תל אביב על האש"
קים אור אזולאי,מנגן ושר
קיריל ספונוב,"Bablo, Nikto ne yznaet, tatyanin den"
קלרה ח'ורי,"Forgiveness, אודם, בגדאד סנטרל, גוף השקרים, החתונה של רנא, הירושה, הכלה הסורית, חיי אהבה, לילה בחיפה, מחילות, עבודה ערבית"
קסניה סובצ'ק,"Nikto ne znaet pro sex 2: No sex, Q106269363, Q13224620, Q4126067, Q4193499, Q55515747, The Term, האיש הטוב, היטלר קאפוט, רז'בסקי נגד נפוליאון"
קרוליין לנגפורד,בנות
קרין אופיר,"מר באום, שירת הסירנה"
קרן אן,K
קרן ברגר,"בננות, הטבח, ילדות רעות, קטמנדו"
קרן מור,"11'09""01 September 11, בוקר טוב ילד, ברלין ירושלים, גט - המשפט של ויויאן אמסלם, החמישייה הקאמרית, המועדון לספרות יפה של הגברת ינקלובה, יום יום, כרמל, קופה ראשית, קצרים, שבעה, שורו, שנת אפס"
קרן צור,"15 שנה, PPS, ערבים רוקדים - זהות שאולה, קריוקי"
ראובן אדיב,גבעת חלפון אינה עונה
ראובן בר יותם,"בלומפילד, המשכנע בע""מ, מצדה"
ראובן דיין,"אביבה אהובתי, אבנים, גבעת חלפון אינה עונה, החיים על פי אגפא, חולה אהבה בשיכון ג', חתונה מאוחרת, מלח הארץ"
ראידה אדון,"God's Stories, No Name Restaurant, Tale of the Three Jewels, אזהרת מסע, דלתא פורס 1 (ש.ל.ר), תמרות עשן"
רבקה בכר,"אביבה אהובתי, מאיה"
רבקה גור,"אהבה גנובה, דרייבר, הבלתי רשמיים, הדקדוק הפנימי, העדות, חיותה וברל, חתונה מאוחרת"
רבקה מיכאלי,"אבא מטפלת, ד""ר פומרנץ, דרייבר, החיים בינתיים, הסודות, חתונה עם סבתא, ילדות סכסכניות, מי מפחד מהזאב הרע, פיק אפ, קדוש"
רבקה נוימן,"אדמה משוגעת, אנטרקטיקה, במקום חלום, ברלין ירושלים, החיים על פי אגפא, ישו, מר באום, שמיכה חשמלית ושמה משה"
רבקה רז,שלוש אמהות
רובא בלאל-עספור,"Pink Subaru, Q113362730, The Teacher, Wajib, הבועה, הירושה, טעם התפוחים אדום, מחילות, מיראל, סופת חול, עטאש (צימאון)"
רובי פורת-שובל,"בעלת החלומות, גט - המשפט של ויויאן אמסלם, מלך של קבצנים, סוף העולם שמאלה, שבעה"
רוברט הניג,"הולכת שבעה, הכלה הסורית, תהילים"
רוברטו פולק,"Brev til Jonas, גט - המשפט של ויויאן אמסלם, גמר גביע, שמיכה חשמלית ושמה משה"
רודי סעדה,"קופה ראשית, קופיקו"
רודיה קוזלובסקי,שנת אפס
רוזה ליכטנשטיין,"Q19279883, Q23787961, מטרופוליס"
רוזינה קמבוס,"הדברים שמאחורי השמש, חתונה מאוחרת, יוליוס קיסר, סוף שבוע בתל אביב, סיפורי תל אביב, סרוגייט, שירת הסירנה, שליחותו של הממונה על משאבי אנוש"
רוי מילר,"אבא מטפלת, ברקיע החמישי, בשר תותחים, האופה מברלין, עם סגולה"
רוית יעקב,גינת הפלאים של רינת
רומי אבולעפיה,"Anywhere Else, איש חשוב מאוד, החוב (סרט, 2011), הטבח, הסגת גבול (סרט, 2006), הרמון"
רון שחר,"המוסד הסגור, מפריח היונים, רגליים קרות"
רונה ליפז-מיכאל,"המנצח, חצויה, עץ לימון, ערבים רוקדים - זהות שאולה"
רונה-לי שמעון,"Dirty Angels, השוטר, לב שקט מאוד, פאודה"
רוני בליץ,החברים של יאנה
רוני דואני,"הקרמבויז, ראש גדול"
רוני דלומי,"אופוריה, גאליס"
רוני הדר,"יותר איטי מלב, תחיה ותהיה"
רוני מרון קליין,בעלת החלומות
רוני פינקוביץ',שתי אצבעות מצידון
רונית אלקבץ,"Ashes and Blood, Black Notebooks, L'endroit idéal, Les mains libres, Origine contrôlée, Turk's Head, אור, ביקור התזמורת, גט - המשפט של ויויאן אמסלם, היפוליטוס, הנערה מהרכבת, ולקחת לך אישה, חתונה מאוחרת, טרפליום, כלת הים, לא רואים עליך, מבול, מילים, עלילה, ציון ואחיו, שבעה, שחור"
רונית יודקביץ',"אדמה משוגעת, שש פעמים"
רועי אסף,"המשגיחים, כלת הים"
רועי בר-נתן,ארץ נהדרת
רועי ניק,"אופוריה, בתולות, דיבוקים, קיבוצניקים, רוק בקסבה, שש פעמים"
רועי רביב,בעלת החלומות
רות גונזלס,סינדרום ירושלים
רות גלר,"אשה זרה, בוקר טוב אדון פידלמן, דרייבר, מיתה טובה, עתליה"
רותי אסרסאי,"15 שנה, מטומטמת"
רותי הולצמן,על הספקטרום
רותם אבוהב,"אביבה אהובתי, אזהרת מסע, בתולות, הכוכבים של שלומי, העולם מצחיק, זרים מושלמים, טלנובלה בע""מ, סברי מרנן, סוף העולם שמאלה"
רותם זיסמן-כהן,"ברקיע החמישי, גיבורים קטנים, הבודדים, הכוכבים של שלומי, המשגיחים, העולם מצחיק, לצוד פילים, מקום בגן עדן, פצועים בראש"
רותם סלע,"בלאדי מורי, גאליס - קונקט, הטבח, להיות איתה, עולה לראש"
רותם קינן,"ההתחלפות, חיותה וברל, מטומטמת, מי מפחד מהזאב הרע"
רז דגן,"Albakiara - Il film, Barbarossa, Coppia omicida, One Hundred Nails, Sorellina e il principe del sogno, Squillo, Titus, אלכסנדר, כוחות מיוחדים"
רזיה ישראלי,"אליס, בקרוב יקרה לך משהו טוב, האורסטיאה, המועדון לספרות יפה של הגברת ינקלובה, למלא את החלל, על הספקטרום, רשימת שינדלר"
רחל אטאס,חמש חמש
רחל רודן,"איך  אתה הולך?, איך אתה הולך (23 בינואר 1959), איך אתה הולך?"
רחל שור,מחבואים
ריטה זוהר,אהבתה האחרונה של לורה אדלר
ריטה שוקרון,"אנשים כתומים, בשבילה גיבורים עפים, הכוכבים של שלומי, לרקוד, מאיה, סרק סרק, קריוקי"
ריימונד אבקסיס,"אין לה אלוהים, המנגליסטים, חתה יסבח סבח, תחיה ותהיה"
ריימונד אמסלם,"ביום שהאדמה רעדה, המתקפה (ש.ל.ר), לבנון, סרק סרק, קירות, שבע ברכות, שלוש אמהות, שליחותו של הממונה על משאבי אנוש"
רינה גנור,משפחת שמחון
רינת גבאי,גינת הפלאים של רינת
רינת מטטוב,"אלף, ביקור התזמורת, המלך ליר, מישהו לרוץ איתו, תמרות עשן"
ריף כהן,"בקבוק בים של עזה, רימון הזהב"
ריף נאמן,"PPS, על הספקטרום"
ריקי בליך,"אחת אפס אפס, אסתי המכוערת, קצרים, רגליים קרות, תפרים"
ריקי גל,"זכרון דברים, מאמי"
רמי ברוך,שירת הסירנה
רמי דנון,"בוקר טוב אדון פידלמן, גט - המשפט של ויויאן אמסלם, חיוך הגדי, לחם (סרט טלוויזיה), פצועים בראש, תחיה ותהיה"
רמי הויברגר,"בטיפול, גולדה, הבוגד הקטן, המונולוג של יגאל עמיר, מבצע ספתה, מיראל, מכתבים לאמריקה, רשימת שינדלר"
רן בכור,ימים של אהבה
רן דנקר,"אחד בלב, דני הוליווד, השיר שלנו, מוטלים בספק, מסכים, עיניים פקוחות"
רני בלייר,Made in Israel
רננה רז,"החצר, למלא את החלל, מינכן"
רעות אלוש,בלקספייס
רפאל קלצ'קין,"Peaceful Days, אמא קוראז' וילדיה, בלפר (סרט, 1978), דודה ליזה, המלט, הרוצחים הקטנים, חתונת פיגארו, כל אדם והאמת שלו, מסע לנינוה, עתליה"
רפי תבור,"אויב העם, הסיפור של יוסי, לחיי האהבה, עור, ריקוד מסוכן"
רשף לוי,קרתגו
שאדי מרעי,"אזהרת מסע, דיבוקים, על הספקטרום, פאודה"
שאול מזרחי,"אבנים, אחד משלנו, האושפיזין, השוטר, זהר, תחיה ותהיה"
שגית שמיר,שמיכה חשמלית ושמה משה
שולה חן,חמש חמש
שולה רווח,סיפורי תל אביב
שולי רנד,"האושפיזין, הבלתי רשמיים, החיים על פי אגפא, המשורר, ילדות סכסכניות, מילים, מרקו פולו"
שושה גורן,"אלף, בעלת החלומות, מדוזות, נמס בגשם, נעלמים"
שושיק שני,חנה ארנדט
שושנה דואר,"אגדת הנהר, גבעה 24 אינה עונה, העלמה יוליה, הפיזיקאים, הרוצחים הקטנים, חתונת פיגארו, ליזיסטרטה, לילסדה, שש נפשות מחפשות מחבר"
שושנה דמארי,"באין מולדת, גבעה 24 אינה עונה"
שושנה רביד,ליזיסטרטה
שחר חסון,"בובות (טלנובלה), לבד בבית"
שחר טבוך,שעת נעילה
שחר סגל,"בלוז לחופש הגדול, סיפורי תל אביב"
שי אביבי,"אדמה משוגעת, בלקספייס, בקרוב אצלי, גמר גביע, געגוע, המופע של בני זינגר, המנצח, המעורר – סרט מכתבים בין סב לנכדו, ויקי ואני, זוהי סדום, חיותה וברל, חצויה, כידון, קיבוצניקים, תמרות עשן"
שי דנון,"אירמה לה דוס, דודה ליזה, הרוצחים הקטנים"
שי פלד,דני הוליווד
שייקה אופיר,"Carlos, אבו אל בנאת, באין מולדת, הבית ברחוב שלוש, היפיפייה הנרדמת (סרט, 1987), השוטר אזולאי, השועל בלול התרנגולות, חור בלבנה, מכרות המלך שלמה, סבינה והגברים, תעלולי נאסר א-דין, תעלת בלאומילך"
שייקה לוי,"גבעת חלפון אינה עונה, העולם מצחיק, הקרב על הוועד"
שיפי אלוני,"הבלתי רשמיים, שלטון הצללים"
שירה ארד,"החברים של יאנה, לגעת באושר"
שירה גפן,"מדוזות, מר באום"
שירה האס,"אנטילופות, אסיה, אשתו של שומר גן החיות, הגופה, המורדת, המנצח, הרמון, מריה מגדלנה, סיפור על אהבה וחושך, עקרון ההחלפה, עשו, פוקסטרוט, פרינסס, קפטן אמריקה: סדר עולמי חדש, שטיסל"
שירה וילנסקי,"בילי, השמיניה"
שירה לוי,"זיגי, יונייטד היי"
שירה נאור,"בנו של האחר, בקרוב אצלי, ברלין בלוז, גאליס, גן קופים, היהודים באים, זרים מושלמים, תאג""ד"
שירה קצנלנבוגן,"בשר תותחים, דני הוליווד, ילדות רעות"
שירז טל,פגישה עיוורת
שירי גדני,"כאן גרים בכיף, מאיה"
שירי גולן,"הדרך לאן, ויקי ואני, חיותה וברל"
שירי מימון,"NO אקזיט, ילדות רעות"
שירילי דשא,ערבים רוקדים - זהות שאולה
שירלי ברנר,"Blind Horizon, Tail Sting, מר באום, רצח מוצדק"
שירלי לוי,זיגי
שירן סנדל,"גאליס, גאליס - קונקט"
שלום אסייג,מָנָאיֶיכּ
שלום מיכאלשווילי,"ביום שהאדמה רעדה, הבורר, הישראלים, לשחרר את שולי, עם סגולה, עספור, קירות"
שלום שמואלוב,"אוונטי פופולו, יוליוס קיסר, יותר איטי מלב, לילה לבן, מדוזות"
שלומי אברהם,"ביקור התזמורת, הבודדים, הפורצת"
שלומי טפיארו,"PPS, קיבוצניקים"
שלומי סרנגה,כיכר החלומות
שלומי קוריאט,"הבורר, החברים של נאור, המוסד, העולם מצחיק, מכתבים לאמריקה, סדקים"
שלומית מנדל,"חיי אהבה, פיתוי"
שלמה ארצי,חסמבה ונערי ההפקר
שלמה בר-שביט,"אגדת שלושה וארבעה, אירמה לה דוס, אמא קוראז' וילדיה, ד""ר פומרנץ, האחים קרמזוב, יוליוס קיסר"
שלמה בראבא,"מסע אלונקות, נישואין פיקטיביים, פמת""א"
שלמה וישינסקי,"ד""ר פומרנץ, החיים זה לא הכל, הכתובה, סוף שבוע בתל אביב, קרוב לבית, שמיכה חשמלית ושמה משה, תחיה ותהיה"
שלמה סדן,"הסיפור של יוסי, נקמה יהודית 6"
שלמה תרשיש,"אין שמות על הדלתות, האדונית והרוכל (סרט), חמסין, סיפורי תל אביב"
שמואל אדלמן,"אהבה קולומביאנית, אור, אילי ובן, המופע של בני זינגר, הצלילה, שורו"
שמואל בונים,דודה קלרה
שמואל ברו,תחיה ותהיה
שמואל וולף,"אסתר, דון קישוט בירושלים, חתולים על סירת פדלים, מיתה טובה, שמיכה חשמלית ושמה משה"
שמואל וילוז'ני,"אשה זרה, בילי, בנא, חתולים על סירת פדלים, סדקים, עבודה ערבית, תהילים"
שמואל סגל,"Di ḳ̣leyne menṭshlekh, אגדת שלושה וארבעה, דודה ליזה, הפיזיקאים, ליל הקסמים, מסע לנינוה, ס'האט זיך אויסגעלאזט א בוידעם, פסטיבל שלום עליכם, קרובים קרובים, שניים עשר המושבעים"
שמואל קלדרון,"ההסדר, זכרון דברים, יום יום, מנפאואר, מרס תורכי, קדוש"
שמואל רודנסקי,"Di ḳleyne menṭshelakh, Di ḳ̣leyne menṭshlekh, Gidʻon, Scorpio, אגדת שלושה וארבעה, אמא קוראז' וילדיה, הפיזיקאים, טוביה ושבע בנותיו, כל אדם והאמת שלו, משה, ס'האט זיך אויסגעלאזט א בוידעם, פסטיבל שלום עליכם, שניים עשר המושבעים, תיק אודסה"
שמואל שילה,"נועה בת 17, סרק סרק, רחוב סומסום"
שמוליק לוי,קצרים
שמוליק קראוס,"The Royal Hunt of the Sun, אדם, המונה דופק, סוסעץ"
שמיל בן ארי,"אהבה קולומביאנית, איים אבודים, בשורות טובות, גט - המשפט של ויויאן אמסלם, ד""ר פומרנץ, החברים של יאנה, החיים על פי אגפא, חולה אהבה בשיכון ג', חצויה, מבול, מטומטמת, מיראל, שלוש אמהות, שמיכה חשמלית ושמה משה, תחיה ותהיה"
שמעון דז'יגאן,"A guṭn Purim malekh, Di ṿelṭ shoḳolaṭ zikh!, Folks-yom-Tev fun freyd un gezang!, Lakhṭ gezunṭerheyṭ!, Yom-ṭev inderṿokhn, איך  אתה הולך?, איך אתה הולך (23 בינואר 1959), איך אתה הולך, זע ווי דו גייסט, איך אתה הולך?, אל תדחוף את האף, אן א היים, אריינגעצימבלט..., הרבצנו ודי., בעסער מ'רדט נישט, שתיקה של זהב, דבר לענין, רעד צו דער זאך, חג שמח, יש ליהודי ארצונת!..., לא מלקקים דבש!, לאכט געזונטערהייט!, מכירים אותך, דוד!..., פריילעכע קבצנים, צחוק ולא יעבור, טאטע ולא יעבור, שא, שא השלום בא!"
שמעון ישראלי,המרתף
שמעון כהן (מדבב),האחים קרמזוב
שמעון מורל,"איך  אתה הולך?, איך אתה הולך (23 בינואר 1959), איך אתה הולך?"
שמעון מימרן,"אורחים לרגע, אילי ובן, אלוהי הפסנתר, בלדה לאביב הבוכה, הבן דוד, ההסדר, נבסו, עלטה, תחיה ותהיה"
שמעון פינקל,"Gidʻon, Yoysef Bulof in Gidon, המלט, הפיזיקאים, רוחות"
שמרית לוסטיג,"כידון, קטמנדו, ראש גדול"
שני אטיאס,"Lost Boy, אליטה, גאליס"
שני כהן,"ארץ נהדרת, גן קופים, דני הוליווד, השוטרים, נופלות על הרגליים"
שני קליין,"אפס ביחסי אנוש, ההר, הרמון, מטומטמת, ערבים רוקדים - זהות שאולה"
שפרירה זכאי,עיניים פקוחות
שראל פיטרמן,"על הספקטרום, תאג""ד"
שרגא הרפז,"בקרוב יקרה לך משהו טוב, העיט"
שרגא פרידמן,"אמא קוראז' וילדיה, בלומפילד, גבעה 24 אינה עונה, הפיזיקאים, חתונת פיגארו, ליל הקסמים, מלחמה ושלום, מסע לנינוה, מקבת, עיר הכתריאלים, שניים עשר המושבעים"
שרה אביאני,"איך  אתה הולך?, איך אתה הולך (23 בינואר 1959), איך אתה הולך?"
שרה אדלר,"Bachelor Days Are Over, Beating Sun, French Dolls, Notre musique, אבנים, אולטימאטום, איה, אנה ערביה, בוקר טוב אדון פידלמן, בורג, האופה מברלין, הבית של נינה, מארי אנטואנט, מדוזות, מי מפחד מהזאב הרע, פוקסטרוט, צילי, שחר (סרט, 2014), שנת אפס"
שרה אמן,"Here we are, Neighbours, אירמה לה דוס"
שרה ואן,בעל להשכיר!
שרה וינו-אלעד,"אור, אלף, העולם מצחיק, נודל"
שרה פון שוורצה,"זגורי אימפריה, ילדות סכסכניות, כביש הסרגל (סרט), פמת""א"
שרה פלדמן,"Der ṭaṭe bin ikh, בעל להשכיר!"
שרון אלכסנדר,"אדומות, אחד משלנו, אחת אפס אפס, אלף, אשה זרה, גמר גביע, הדרך לאן, החיים על פי אגפא, וביום השלישי, חצויה, טלנובלה בע""מ, לילה לבן, מיראל, מפטיר, מרקו פולו, סיפורי תל אביב, פיתוי, קשר עיר"
שרון בר-זיו,"בוקר טוב ילד, בלוז לחופש הגדול"
שרון דוראני,לגעת באושר
שרון הכהן-בר,"זכרון דברים, חופשת קיץ, שורו"
שרון זליקובסקי,"סרק סרק, שנת אפס"
שרון טל,"בנא, רימון הזהב"
שרון מלכי-שמש,"אחים, אלף, טלנובלה בע""מ"
שרון פרנס,לגעת באושר
שרון קנטור,גור ואוח
שרון רג'יניאנו,"המשימה X, זהר, כיכר החלומות, סודות המסדר, סיפורי בית קפה, קרוב לבית, רימון הזהב"
שרון שחל,Datia's Song Celebration
שרונה אלימלך,שושלת שוורץ
שרי גבעתי,"NCIS, The Passage, בלתי נשכחים 3, עם סגולה, שלטון הצללים"
שרי צוריאל,"מבחן החלב, רחוב סומסום"
שרית לארי,"הגננת, זמן אוויר"
שרית סרי,מר באום
ששון גבאי,"A Brother's Love, Djihad, Made in Israel, When Pigs Have Wings, אביבה אהובתי, אבירם כץ, בוקר טוב אדון פידלמן, ביקור התזמורת, בתולות, בתי אהובתי, גט - המשפט של ויויאן אמסלם, דלתא פורס 1 (ש.ל.ר), הבריחה מערב הסעודית, המילים הטובות, השגריר, חמדה (סרט), כידון, כרמל, לא בלי בתי, לצוד פילים, מנגן ושר, סודות המסדר, סיטון, סיפורי תל אביב, עד לאזור לחימה, קוגל, קריוקי, רמבו 3, שטוקהולם, שטיסל, שלום ולהתראות, שנת אפס"
ששי קשת,"הבלש האמיץ שוורץ, הלהקה, נורית, פיק אפ"
תאופיק ברהום,"Boy from Heaven, Ghost Trail, The Way of the Wind, בגדאד סנטרל, הסימן הראשון, מריה מגדלנה"
תאמר נפאר,ג'נקשן 48
תובל שפיר,"גאליס, גאליס - המסע לאסטרה, גאליס - קונקט, פעם הייתי, פצועים בראש"
תום אבני,"שלטון הצללים, שעת נעילה, תמונת הניצחון"
תום גרציאני,"ביום שהאדמה רעדה, שלטון הצללים"
תום חגי,שעת נעילה
תומר אופנר,"איש חשוב מאוד, בילי, בנו של האחר, תחיה ותהיה"
תומר יוסף,"ביקור התזמורת, הצל של החיוך שלך"
תומר קאפון,"Slingshot, בקרוב אצלי, בשבילה גיבורים עפים, גאליס, הבנים, פאודה, פולמון, תאג""ד"
תומר רוסו,"Private, לגעת באושר"
תומר שרון,"חצויה, מר באום, מרס תורכי, פתיחה 1812, צומת וולקן"
תותי ניניו,"אחרי הצלצול (סדרת טלוויזיה ישראלית), שכויה"
תחיה דנון,צמות
תיאודור ביקל,"200 Motels, A Sacred Duty, A Stoning in Fulham County, Above Us the Waves, Another World, Benefit of the Doubt, Dark Tower, Darker than Amber, Desperate Moment, Forbidden Cargo, I Bury the Living, Melba, My Side of the Mountain, Never Let Me Go, Noon Wine, Sands of the Kalahari, See You in the Morning, Shadow Conspiracy, Shattered, Snatched, Sweet November, The Angry Hills, The Desperate Ones, The Enemy Below, The Kidnappers, The Little Ark, The True Story of Frank Zappa's 200 Motels, The Vintage, The Young Lovers, Who Has Seen the Wind?, Woman Obsessed, אני רוצה לחיות, גבירתי הנאווה, הבוגד הקטן, הגאווה והתשוקה, החטא ועונשו (סרט רוסי, 2002), המלאך הכחול, הנועזים, הרוסים באים, הרוסים באים, חומות קולדיץ, מולן רוז', מלכה אפריקאית, משפחה, שיבת המלך"
תימור כהן,קריוקי
תיקי דיין,"בדרנית בחצות, בתולות, לצוד פילים, סימה וקנין מכשפה, קרובים קרובים, שטוקהולם, שקופים (סדרת טלוויזיה)"
תם גל,"פעם הייתי, ראש גדול, שעת נעילה"
תמי סטרונך,"Man and Witch: The Dance of a Thousand Steps, Q104895419, Q12046481, הסיפור שאינו נגמר"
תמימה יודלביץ,אגדת הנהר
תמיר בר,בקרוב אצלי
תמר אלקן,"גיא אוני, האיש שבקיר"
תמר עמית יוסף,גאליס
תמר פרמינגר,החיים בינתיים
תמר קינן,"החברים של נאור, טלנובלה בע""מ"
תמר שם אור,"אמור, בנו של האחר, ברקיע החמישי"
תמרה קלינגון,אפס ביחסי אנוש
תמרה רובינס,חתונת פיגארו
תקווה עזיז,שחור
תרצה אתר,"בגלל חגורה, העלמה יוליה"
Ḥaneh Ṭepner,"Der ḳibitser (April 27, 1967), אלהים, אדם ושטן"
